AAAP,0.019932793
AAL,0.018759959
AAME,0.035288811
AAOI,0.051283862
AAON,0.016974368
AAPL,0.010774214
AAWW,0.019558429
AAXJ,0.029195045
AAXN,0.01918458
ABAC,0.043908495
ABAX,0.017691251
ABCB,0.017352241
ABCD,0.020332169
ABCO,0.020712591
ABDC,0.019725638
ABEO,0.054282346
ABIL,0.039763374
ABIO,0.003562992
ABMD,0.017015448
ABTL,0.035896527
ABTX,0.01766283
ABUS,0.028897879
ABY,0.016328059
ACAD,0.031904367
ACBI,0.014687592
ACET,0.029251512
ACFC,0.015663503
ACGL,0.008185913
ACHC,0.021752546
ACHN,0.043812745
ACIA,0.037615541
ACIW,0.019731998
ACLS,0.028486778
ACNB,0.014692284
ACOR,0.039706189
ACRS,0.027692776
ACRX,0.051269183
ACSF,0.012647821
ACST,0.078275513
ACTA,0.025532723
ACTG,0.037554142
ACTX,0.019493959
ACWI,0.013101146
ACWX,0.019578719
ACXM,0.01632444
ADAP,0.033650144
ADBE,0.009978649
ADES,0.022503638
ADHD,0.052088264
ADI,0.014037331
ADMA,0.037731535
ADMP,0.05203412
ADMS,0.037751269
ADP,0.012488081
ADRA,0.023651975
ADRD,0.022322169
ADRE,0.040045961
ADRO,0.03421051
ADRU,0.027587155
ADSK,0.018541233
ADTN,0.016799449
ADUS,0.022780715
ADVM,0.041482391
ADXS,0.038662623
AEGN,0.024429029
AEHR,0.050300596
AEIS,0.019003015
AEMD,0.078401007
AERI,0.033546367
AETI,0.049398629
AEY,0.021705074
AEZS,0.034549479
AFAM,0.020323188
AFH,0.022751718
AFMD,0.043708047
AFSI,0.035313606
AGEN,0.041687055
AGFS,0.053213739
AGII,0.009842876
AGIO,0.034288014
AGLE,0.040712565
AGNC,0.009068391
AGND,0.010102302
AGRX,0.053040991
AGTC,0.045231641
AGYS,0.018912442
AGZD,0.001828174
AHGP,0.026765277
AHPI,0.050820962
AIA,0.027425964
AIMC,0.019301274
AIMT,0.027974145
AINV,0.009768107
AIRG,0.048713643
AIRR,0.062532
AIRT,0.032842199
AKAM,0.021701178
AKAO,0.103481009
AKBA,0.035253748
AKER,0.077360539
AKRX,0.027278152
AKTS,0.049040079
AKTX,0.052545802
ALBO,0.060787745
ALCO,0.019557037
ALDR,0.045090241
ALDX,0.067988944
ALGN,0.017689324
ALGT,0.01970542
ALIM,0.029761149
ALJJ,0.0258035
ALKS,0.025243251
ALLT,0.01687857
ALNY,0.047684447
ALOG,0.016929919
ALOT,0.022789925
ALQA,0.076832224
ALRM,0.018949858
ALSK,0.025022167
ALT,0.441820122
ALTY,0.017581572
ALXN,0.024421897
AMAG,0.037837379
AMAT,0.01635868
AMBA,0.027183699
AMBC,0.023924394
AMCN,0.022724331
AMCX,0.016471811
AMD,0.039141764
AMDA,0.054590013
AMED,0.021490198
AMGN,0.013812765
AMKR,0.023806999
AMNB,0.01452089
AMOT,0.0263096
AMOV,0.020322666
AMPH,0.031120202
AMRB,0.018188408
AMRK,0.023500122
AMRN,0.026030516
AMRS,0.065975719
AMSC,0.039891173
AMSF,0.016971506
AMSWA,0.0181932
AMTD,0.016343553
AMTX,0.045902819
AMWD,0.018291413
AMZN,0.012045836
ANAT,0.010228632
ANCB,0.008882147
ANCX,0.014825995
ANDA,0.008900702
ANDE,0.018235086
ANGI,0.046536565
ANGO,0.018344677
ANIK,0.015762217
ANIP,0.026455451
ANSS,0.011536183
ANTH,0.078809853
AOBC,0.027715887
AOSL,0.029695424
APDN,0.053688163
APEI,0.03673073
APEN,0.078442196
APLP,0.021572551
APOG,0.019226735
APPF,0.019054564
APPS,0.03793278
APRI,0.094230061
APTI,0.026716937
APTO,0.051143226
APVO,0.05979339
APWC,0.037052803
AQMS,0.051921472
AQXP,0.03169361
ARAY,0.027791118
ARCB,0.03300028
ARCC,0.007136536
ARCI,0.102973012
ARCW,0.041461999
ARDM,0.074380453
ARDX,0.048101152
AREX,0.04685008
ARGS,0.083231085
ARII,0.019007468
ARKR,0.017711432
ARLP,0.026254137
ARLZ,0.035346967
ARNA,0.043930089
AROW,0.016510209
ARQL,0.037679044
ARRS,0.018971692
ARRY,0.037930207
ARTNA,0.018491313
ARTW,0.046868164
ARTX,0.044910075
ARWR,0.071302059
ASCMA,0.033284661
ASET,0.019214478
ASFI,0.02727426
ASMB,0.032847393
ASML,0.012120219
ASNA,0.048111564
ASND,0.021388673
ASPS,0.029515656
ASRV,0.018365966
ASTC,0.046466017
ASTE,0.021586237
ASUR,0.033195153
ASYS,0.044270155
ATAI,0.032549528
ATAX,0.014987395
ATEC,0.051030099
ATHN,0.031004494
ATHX,0.04767115
ATLC,0.038883557
ATLO,0.016776069
ATNI,0.02013897
ATOM,0.036410669
ATOS,0.062820066
ATRA,0.044363697
ATRC,0.024952954
ATRI,0.015076302
ATRO,0.0255396
ATRS,0.013523493
ATSG,0.023436603
ATTU,0.033459148
ATVI,0.019342583
AUBN,0.01565469
AUDC,0.019018983
AUPH,0.063028517
AVAV,0.021833395
AVDL,0.025404729
AVEO,0.074180459
AVGO,0.012663798
AVGR,0.116139503
AVHI,0.020551473
AVID,0.033596644
AVIR,0.048467336
AVNW,0.039733403
AVXL,0.03851673
AVXS,0.034934759
AWRE,0.024284628
AXAS,0.037578051
AXDX,0.029811913
AXGN,0.025689054
AXSM,0.0409616
AXTI,0.042518198
AZPN,0.013242764
BABY,0.020555303
BANF,0.015915474
BANR,0.013689092
BANX,0.012079213
BASI,0.06412538
BATRA,0.019144595
BATRK,0.01844494
BBBY,0.018971836
BBC,0.103265432
BBGI,0.017321272
BBH,0.052887064
BBOX,0.009734717
BBP,0.082106905
BBRG,0.033693896
BBRY,0.015373576
BBSI,0.0183806
BCBP,0.016464823
BCLI,0.035675215
BCOR,0.020366252
BCOV,0.036055668
BCPC,0.01389168
BCRX,0.048373971
BCTF,0.011415784
BDGE,0.014976017
BDSI,0.042968806
BEAT,0.028422018
BEBE,0.054987876
BECN,0.016018332
BELFA,0.038407513
BELFB,0.024979494
BFIN,0.010609213
BFIT,0.02149464
BGCP,0.013133578
BGFV,0.028064678
BGNE,0.023962605
BHAC,0.034386151
BHBK,0.015261652
BIB,0.111263809
BICK,0.033913364
BIDU,0.014206853
BIIB,0.015879057
BIOC,0.080877469
BIOL,0.050812586
BIOP,0.056468957
BIOS,0.059991786
BIS,0.120459205
BJRI,0.017553012
BKCC,0.011815315
BKEP,0.019308689
BKMU,0.016369461
BKSC,0.021181721
BLBD,0.014436983
BLCM,0.042880889
BLDP,0.036952594
BLDR,0.023591169
BLFS,0.033208293
BLKB,0.016670263
BLMN,0.017667115
BLMT,0.011700546
BLPH,0.076432544
BLRX,0.031318561
BLUE,0.039857642
BLVD,0.002631281
BMCH,0.015627867
BMLA,0.056034724
BMRA,0.052740969
BMRC,0.019137349
BMRN,0.018694585
BMTC,0.013949845
BNCL,0.014541113
BNDX,0.008027685
BNFT,0.028090052
BNSO,0.054450001
BNTC,0.0909763
BOBE,0.020725722
BOCH,0.02148353
BOFI,0.024603928
BOJA,0.023070911
BOKF,0.013475215
BOLD,0.035595951
BOLT,0.024139549
BOMN,0.045798766
BONT,0.110162668
BOOM,0.031729374
BOSC,0.055551743
BOTJ,0.022930431
BOTZ,0.030855275
BPFH,0.018108386
BPMC,0.034970425
BPOP,0.013376
BPTH,0.047337553
BRCD,0.017383332
BREW,0.031074458
BRID,0.043923717
BRKL,0.016592776
BRKR,0.015535776
BRKS,0.024482487
BSET,0.023664051
BSF,0.017760259
BSFT,0.020198214
BSPM,0.130058865
BSQR,0.032166905
BSRR,0.017402609
BSTC,0.021097938
BTEC,0.073933617
BUFF,0.014129694
BUR,0.033595864
BUSE,0.014037378
BV,0.02566018
BVSN,0.038707883
BVXV,0.033734262
BWEN,0.037825649
BWFG,0.018395505
BWINA,0.017585477
BWINB,0.013264581
BWLD,0.019177683
BYBK,0.035483927
BYFC,0.029275416
BZUN,0.031699803
CA,0.014871634
CAAS,0.027383419
CAC,0.027734223
CACC,0.019881125
CACQ,0.023592937
CADC,0.047845179
CAFD,0.016700467
CAKE,0.016269661
CALA,0.064878089
CALD,0.02067475
CALI,0.085359246
CALL,0.024490302
CALM,0.018477732
CAMP,0.020400622
CAMT,0.023231297
CAPR,0.107472519
CAR,0.032991028
CARA,0.057889853
CARB,0.174654257
CARO,0.016205441
CART,0.023746574
CARV,0.060564674
CARZ,0.024251024
CASC,0.039476403
CASH,0.034979568
CASI,0.044876617
CASM,0.031287858
CASS,0.015211651
CASY,0.011517063
CATB,0.07830064
CATH,0.015858854
CATM,0.015251879
CATS,0.066287701
CATY,0.015438955
CAVM,0.019728908
CBAK,0.045503247
CBAN,0.021759874
CBAY,0.049204849
CBF,0.013111422
CBFV,0.018527922
CBIO,0.148615436
CBLI,0.146881356
CBMG,0.064849132
CBMX,0.063942844
CBOE,0.009502841
CBRL,0.011671362
CBSH,0.012665198
CCBG,0.019402452
CCCL,0.059129639
CCCR,0.071271454
CCD,0.01392815
CCIH,0.03070343
CCLP,0.032728119
CCMP,0.014338924
CCNE,0.021361706
CCOI,0.016339254
CCRC,0.048271164
CCRN,0.025653553
CCUR,0.023269014
CCXI,0.035074068
CDC,0.014292758
CDEV,0.019322605
CDK,0.009483542
CDL,0.014236182
CDNA,0.075524067
CDNS,0.012998526
CDOR,0.026263039
CDTI,0.042807973
CDTX,0.043227685
CDW,0.013003241
CDXC,0.04061328
CDXS,0.031397453
CDZI,0.037679253
CECE,0.026579519
CECO,0.024602776
CELG,0.015144809
CELH,0.042447926
CEMI,0.020922828
CEMP,0.080857378
CENT,0.023898691
CENTA,0.023586863
CENX,0.039784551
CERC,0.121321196
CERN,0.014005107
CERS,0.040781454
CETV,0.018480292
CETX,0.050145129
CEVA,0.021524522
CEZ,0.027002514
CFA,0.018609232
CFBK,0.042364493
CFCO,0.007789457
CFFI,0.014040235
CFFN,0.010294882
CFMS,0.046512915
CFNB,0.012060476
CFO,0.018648499
CFRX,0.062080728
CG,0.016580296
CGEN,0.019207482
CGIX,0.058904106
CGNT,0.045834843
CGNX,0.018439085
CGO,0.020043719
CHCI,0.03690413
CHCO,0.015731062
CHDN,0.010312962
CHEF,0.026736835
CHEK,0.058351453
CHFC,0.016309414
CHFN,0.016806184
CHFS,0.149073504
CHI,0.010803807
CHKE,0.049976861
CHKP,0.010432446
CHMA,0.052282251
CHMG,0.015318413
CHNR,0.117026314
CHRS,0.038638617
CHRW,0.011502048
CHTR,0.014496969
CHUBA,0.016112407
CHUBK,0.015857316
CHUY,0.017971727
CHW,0.01720563
CHY,0.011154698
CIBR,0.024637089
CID,0.021397303
CIDM,0.050097981
CIGI,0.016060456
CIL,0.021247409
CINF,0.010322028
CIU,0.007220193
CIVB,0.021174593
CIZ,0.020368681
CIZN,0.018559597
CJJD,0.022002156
CLBS,0.039221233
CLCT,0.024559937
CLDC,0.048852305
CLDX,0.03703413
CLFD,0.02289779
CLIR,0.037805948
CLLS,0.024725823
CLMT,0.036768519
CLNE,0.030002235
CLNT,0.060394302
CLRB,0.053349571
CLRO,0.02109306
CLSD,0.051313243
CLSN,0.215891035
CLUB,0.036217226
CLVS,0.048916001
CLWT,0.054375219
CMCO,0.026075654
CMCSA,0.010641553
CMCT,0.021498132
CME,0.010838123
CMFN,0.015120672
CMLS,0.072734637
CMPR,0.015463773
CMRX,0.031345221
CMTL,0.033625855
CNAT,0.104962471
CNBKA,0.013709677
CNCE,0.051212237
CNCR,0.084073482
CNET,0.040470533
CNFR,0.029340871
CNIT,0.027544557
CNMD,0.013751252
CNOB,0.018641479
CNSL,0.019417716
CNTF,0.033308067
CNTY,0.021209819
CNXN,0.012556241
CNXR,0.055384229
COBZ,0.016565337
COGT,0.042846373
COHR,0.028699866
COHU,0.025722591
COKE,0.018130986
COLB,0.01543457
COLL,0.036141587
COLM,0.016241342
COMM,0.018094631
COMT,0.022500116
CONE,0.015135549
CONN,0.043712525
COOL,0.069468501
CORE,0.022045791
CORI,0.043963037
CORT,0.031935747
COST,0.010815666
COWN,0.028074646
CPAH,0.033188138
CPHC,0.018971177
CPIX,0.022052965
CPLA,0.020696745
CPLP,0.025778567
CPRT,0.010240801
CPRX,0.042874272
CPSH,0.048041905
CPSI,0.0221033
CPSS,0.030121035
CPST,0.039506794
CPTA,0.018850104
CRAI,0.020758151
CRAY,0.027284691
CRBP,0.061456196
CRED,0.010942227
CREE,0.020415332
CREG,0.036083582
CRESY,0.01745752
CRIS,0.044998231
CRME,0.031388335
CRMT,0.025243323
CRNT,0.038132461
CROX,0.024772716
CRTN,0.075514847
CRTO,0.019402622
CRUS,0.022418008
CRVL,0.015760327
CRVS,0.04458354
CRWS,0.023986635
CRZO,0.034482308
CSA,0.044980916
CSB,0.042704811
CSBK,0.009797072
CSBR,0.074233173
CSCO,0.010126627
CSF,0.045070578
CSFL,0.014651824
CSGP,0.013484865
CSGS,0.02040532
CSII,0.021078653
CSIQ,0.028468175
CSJ,0.002176613
CSOD,0.025537312
CSPI,0.025640388
CSQ,0.016100698
CSTE,0.025020317
CSTR,0.018815755
CSWC,0.010608833
CSWI,0.014806179
CSX,0.020616893
CTAS,0.011177118
CTBI,0.015013451
CTG,0.023140968
CTHR,0.036404032
CTIB,0.034301488
CTIC,0.034924925
CTMX,0.038510488
CTRE,0.012663697
CTRL,0.028935931
CTRN,0.024358635
CTRP,0.014734464
CTRV,0.062630828
CTSH,0.012445874
CTSO,0.037138588
CTWS,0.014905597
CTXS,0.014394825
CUBA,0.015795037
CUBN,0.014609747
CUI,0.031128701
CUNB,0.014762429
CUR,0.08061923
CUTR,0.027357889
CVBF,0.01664492
CVCO,0.017727711
CVCY,0.021668088
CVGI,0.034540926
CVGW,0.020377347
CVLT,0.015327166
CVLY,0.017137643
CVO,0.036109019
CVTI,0.028993916
CVV,0.021783145
CWAY,0.009730793
CWBC,0.016907809
CWCO,0.018448039
CWST,0.018108999
CXDC,0.02640153
CXRX,0.0582834
CXSE,0.043072577
CY,0.019879117
CYAD,0.040155236
CYAN,0.04162096
CYBE,0.043782486
CYBR,0.017666887
CYCC,0.08475181
CYOU,0.020264331
CYRN,0.022326839
CYRX,0.050543143
CYTK,0.031364173
CYTR,0.071443605
CYTX,0.064529188
CZFC,0.020873697
CZNC,0.060552392
CZR,0.021151801
CZWI,0.012338246
DAIO,0.033089148
DAKT,0.017271411
DAVE,0.032437812
DAX,0.03092153
DBVT,0.015311755
DCOM,0.016371787
DDBI,0.024508748
DELT,0.138786054
DENN,0.016337584
DEPO,0.03802858
DERM,0.025867593
DEST,0.050028526
DFBG,0.056343432
DFFN,0.161944405
DFRG,0.017675085
DFVL,0.025201214
DFVS,0.067195756
DGICA,0.013998434
DGICB,0.06293909
DGII,0.025901358
DGLD,0.113607068
DGLY,0.044858504
DGRE,0.027497376
DGRS,0.046147746
DGRW,0.017486019
DHIL,0.01201286
DHXM,0.02444717
DIOD,0.019456736
DISCA,0.015572083
DISCB,0.038677616
DISCK,0.015018609
DISH,0.015411436
DJCO,0.016688406
DLBL,0.022690363
DLBS,0.115606108
DLHC,0.031037988
DLTH,0.030907254
DLTR,0.015111721
DMLP,0.021179199
DMPI,0.035604261
DMRC,0.031302705
DMTX,0.139953406
DNBF,0.019354938
DNKN,0.012010713
DORM,0.01652702
DOX,0.008087722
DRAD,0.032068881
DRIO,0.038634031
DRNA,0.047656105
DRRX,0.035116809
DSGX,0.012152353
DSKE,0.013079388
DSLV,0.157352942
DSPG,0.021066478
DSWL,0.014178225
DTEA,0.023369391
DTRM,0.048122114
DTUL,0.013899012
DTUS,0.029729177
DTYL,0.025553902
DTYS,0.140712887
DVAX,0.084301227
DVCR,0.033793481
DVY,0.016215286
DWAC,0.017861328
DWAQ,0.028087707
DWAS,0.048589261
DWAT,0.015728764
DWCH,0.038577216
DWFI,0.015511278
DWIN,0.013204055
DWLV,0.018892588
DWPP,0.014676762
DWSN,0.028790509
DWTR,0.019040889
DXCM,0.036203343
DXGE,0.027862628
DXJS,0.022124834
DXLG,0.047238836
DXPE,0.037673424
DXPS,0.027090861
DXTR,0.100102818
DXYN,0.03779354
DYNT,0.038225613
DYSL,0.03555746
DZSI,0.026757295
EA,0.015193205
EACQ,0.007066011
EARS,0.054523319
EBAY,0.013921325
EBIO,0.06143968
EBIX,0.016920526
EBMT,0.019386297
EBSB,0.013434362
EBTC,0.020872692
ECHO,0.024046512
ECOL,0.017719053
ECPG,0.029750076
ECYT,0.119272992
EDAP,0.019343579
EDBI,0.028806254
EDGE,0.029898411
EDGW,0.022568083
EDIT,0.04795094
EDUC,0.043354543
EEFT,0.010498275
EEI,0.018467172
EEMA,0.029235213
EFII,0.036287023
EFOI,0.047044523
EFSC,0.016030796
EGAN,0.051957006
EGBN,0.015159357
EGHT,0.025078131
EGLT,0.056083269
EGRX,0.035340967
EHTH,0.037472793
EIGI,0.029750927
EIGR,0.038273938
EKSO,0.068848923
ELEC,0.002648901
ELGX,0.046508719
ELON,0.026755683
ELSE,0.029600609
ELTK,0.033309954
EMB,0.017873085
EMCB,0.01108298
EMCF,0.031238899
EMCG,0.035443993
EMCI,0.013334307
EMIF,0.031109567
EMITF,0.021288074
EMKR,0.034771256
EML,0.018460676
EMMS,0.031556728
ENDP,0.042734832
ENFC,0.011735859
ENG,0.050551734
ENPH,0.052938067
ENSG,0.019335028
ENT,0.040029588
ENTA,0.024238767
ENTG,0.018512578
ENTL,0.032495546
ENZL,0.042979871
EPAY,0.013760642
EPIX,0.034448485
EPZM,0.04155905
EQBK,0.016844179
EQFN,0.014714396
EQIX,0.011718444
ERI,0.022366773
ERIC,0.019332724
ERIE,0.011419406
ERII,0.032557574
ESBK,0.013023194
ESCA,0.019916649
ESEA,0.097427733
ESES,0.084614733
ESG,0.01545686
ESGD,0.020389896
ESGE,0.028278411
ESGG,0.013802013
ESGR,0.009947244
ESIO,0.025692189
ESLT,0.009775853
ESND,0.029873269
ESPR,0.066104483
ESRX,0.015230523
ESSA,0.011790587
ESXB,0.018532459
ETFC,0.01612658
ETRM,0.162979809
ETSY,0.028674157
EUFN,0.027944019
EVAR,0.044665636
EVBG,0.023157194
EVEP,0.052493848
EVGBC,0.013059258
EVGN,0.076918604
EVK,0.040039742
EVLMC,0.018785926
EVLV,0.036965878
EVOK,0.053425944
EVOL,0.023183797
EVSTC,0.013763221
EWBC,0.016315581
EWZS,0.0881146
EXA,0.034403049
EXAC,0.020381445
EXAS,0.038752309
EXEL,0.035161545
EXFO,0.025202857
EXLS,0.011119636
EXPD,0.009754235
EXPE,0.013000892
EXPO,0.015047486
EXTR,0.026794589
EYEG,0.093804453
EYES,0.070823574
EZPW,0.02369936
FAAR,0.01769298
FAB,0.032164425
FAD,0.02532176
FALN,0.008870392
FANG,0.021704953
FANH,0.022222819
FARM,0.021360827
FARO,0.021143682
FAST,0.01517715
FATE,0.047119467
FB,0.011581273
FBIO,0.039342486
FBIZ,0.016533591
FBMS,0.021048099
FBNC,0.014680611
FBNK,0.017345716
FBSS,0.019458692
FBZ,0.077572113
FCA,0.03934173
FCAN,0.031442128
FCAP,0.022146113
FCBC,0.018915447
FCCO,0.022277125
FCCY,0.017727005
FCEF,0.01814136
FCEL,0.055798873
FCFS,0.013687942
FCNCA,0.015225499
FCVT,0.010545767
FDEF,0.015211045
FDIV,0.008522391
FDT,0.023139963
FDTS,0.023359529
FDUS,0.010596689
FEIM,0.02098729
FELE,0.019445414
FEM,0.03125968
FEMB,0.025529165
FEMS,0.042990989
FEP,0.028692684
FEUZ,0.031695138
FEX,0.019430789
FEYE,0.026270901
FFBC,0.018163966
FFHL,0.084484125
FFIC,0.018050308
FFIN,0.017597865
FFIV,0.014907786
FFKT,0.017983655
FFNW,0.017238255
FFWM,0.014210223
FGBI,0.02047764
FGEN,0.047341694
FGM,0.034692458
FH,0.040843996
FHB,0.048301342
FHK,0.031306759
FIBK,0.016077387
FINL,0.03175844
FINX,0.032193108
FISI,0.015195567
FISV,0.008110467
FITB,0.014941946
FIVE,0.020862924
FIVN,0.026486705
FIZZ,0.022403483
FJP,0.024346482
FKO,0.050579183
FKU,0.033051584
FLAG,0.032265517
FLAT,0.020160356
FLEX,0.011554014
FLGT,0.045658579
FLIC,0.016214403
FLIR,0.013825553
FLKS,0.048903934
FLL,0.025607141
FLN,0.056123011
FLWS,0.02365233
FLXN,0.040822939
FLXS,0.024005632
FMAO,0.032980567
FMB,0.015165887
FMBH,0.015609032
FMBI,0.014434787
FMI,0.048164437
FMK,0.018006464
FMNB,0.023230409
FNBG,0.026230313
FNGN,0.020132026
FNHC,0.030934504
FNJN,0.041356092
FNK,0.034701275
FNLC,0.018901148
FNSR,0.02982843
FNWB,0.012914503
FNX,0.029715529
FNY,0.027943619
FOGO,0.020589717
FOLD,0.044865147
FOMX,0.034477068
FONE,0.024995201
FONR,0.025868214
FORD,0.030413535
FORK,0.042254692
FORM,0.030551475
FORR,0.015736602
FORTY,0.017098674
FOSL,0.037786127
FOX,0.014036922
FOXA,0.014241969
FOXF,0.018498243
FPA,0.037203641
FPAY,0.062308594
FPRX,0.029178823
FPXI,0.030908807
FRAN,0.033744968
FRBA,0.02171404
FRBK,0.028604282
FRED,0.066927072
FRGI,0.027069029
FRME,0.014901907
FRPH,0.021748417
FRPT,0.026334878
FRSH,0.036673869
FSAM,0.039191342
FSBC,0.010844173
FSBK,0.01703196
FSBW,0.01482731
FSC,0.014784235
FSFG,0.013633086
FSFR,0.012462254
FSLR,0.02889008
FSNN,0.075952578
FSTR,0.035660883
FSV,0.01900508
FSZ,0.025501262
FTA,0.025021931
FTAG,0.019357027
FTC,0.020395546
FTCS,0.018037768
FTD,0.02919801
FTEO,0.030853405
FTGC,0.011818704
FTHI,0.019258682
FTLB,0.01888366
FTNT,0.018392137
FTRI,0.022765303
FTSL,0.003715125
FTSM,0.000231365
FTW,0.028894671
FTXD,0.036814978
FTXG,0.023942814
FTXH,0.040351751
FTXL,0.046150538
FTXN,0.053917479
FTXO,0.06211409
FTXR,0.040182536
FULT,0.01558549
FUNC,0.020320137
FUND,0.022315805
FUSB,0.021147223
FV,0.014203692
FVC,0.014199665
FVE,0.039100445
FWONA,0.01766131
FWONK,0.018748318
FWP,0.039777465
FWRD,0.014207486
FYC,0.04446475
FYT,0.053484891
FYX,0.047842451
GABC,0.016342361
GAIA,0.025362244
GAIN,0.01075763
GALE,0.057088817
GALT,0.068938102
GARS,0.008181632
GASS,0.0268624
GBCI,0.015769333
GBDC,0.006409216
GBLI,0.012936395
GBNK,0.015339291
GBT,0.04419287
GCBC,0.025440018
GCVRZ,0.065705056
GDEN,0.027382347
GEC,0.029205918
GEMP,0.048263894
GENC,0.01945157
GENE,0.061407522
GENY,0.020474123
GEOS,0.027597436
GERN,0.033383931
GEVO,0.060934278
GFED,0.020718789
GFN,0.025336294
GGAL,0.017052124
GHDX,0.018524059
GIFI,0.029107441
GIGA,0.043903059
GIGM,0.02190486
GIII,0.030529673
GILD,0.013586555
GILT,0.018302532
GLAD,0.012215588
GLBL,0.026665621
GLBR,0.060324479
GLBS,0.201287729
GLBZ,0.02234495
GLDD,0.033394864
GLDI,0.033496553
GLMD,0.042699362
GLNG,0.031488674
GLPG,0.018267915
GLPI,0.008891917
GLRE,0.025013695
GLUU,0.027208391
GLYC,0.075870203
GMLP,0.017991085
GNBC,0.022850976
GNCA,0.065944183
GNCMA,0.043741317
GNMA,0.005925158
GNMK,0.025051674
GNMX,0.0627139
GNRX,0.03670637
GNTX,0.013883242
GNUS,0.045226994
GOGL,0.033989329
GOGO,0.023426857
GOLD,0.027681156
GOOD,0.014330655
GOOG,0.010064348
GOOGL,0.010080124
GOV,0.015791115
GPAC,0.00716944
GPIA,0.005100191
GPIC,0.030014278
GPOR,0.025952704
GPP,0.015689355
GPRE,0.024888947
GPRO,0.030947061
GRBK,0.021315187
GRFS,0.011775144
GRID,0.026866942
GRIF,0.01366262
GRMN,0.013434766
GROW,0.005132252
GRPN,0.031795424
GRVY,0.077514801
GSBC,0.016947993
GSIT,0.028584678
GSM,0.027686249
GSVC,0.016887232
GT,0.016443648
GTIM,0.034419697
GTLS,0.02111385
GTXI,0.079275163
GULF,0.028517053
GURE,0.023489267
GWGH,0.02596647
GWPH,0.023222201
GWRS,0.013820457
GYRO,0.013176909
HA,0.022123915
HABT,0.023859585
HAFC,0.018380544
HAIN,0.017108745
HALL,0.015422274
HALO,0.035810903
HAS,0.016548499
HAWK,0.018097324
HAYN,0.027773987
HBAN,0.016092157
HBCP,0.016664655
HBHC,0.018638805
HBIO,0.033760253
HBK,0.009375468
HBMD,0.019136253
HBNC,0.018807185
HBP,0.027000752
HCAP,0.01062917
HCCI,0.025094418
HCKT,0.02387373
HCM,0.027644861
HCOM,0.021020458
HCSG,0.013550307
HDNG,0.02544242
HDP,0.036910276
HDS,0.018485715
HDSN,0.030489831
HEAR,0.05889336
HEES,0.031836708
HELE,0.012926381
HEWG,0.029816853
HFBC,0.013707625
HFBL,0.022016731
HFWA,0.01505659
HGSH,0.045759328
HIBB,0.035218164
HIFS,0.013632567
HIHO,0.021073262
HIIQ,0.056016827
HIMX,0.028422109
HLG,0.026603689
HLIT,0.033159227
HMHC,0.026867367
HMNF,0.016710417
HMNY,0.101323202
HMST,0.02105259
HMSY,0.021286682
HMTA,0.028291156
HNH,0.021706999
HNNA,0.026036219
HNRG,0.031018953
HOFT,0.026773189
HOLI,0.017360823
HOLX,0.012870621
HOMB,0.017696852
HONE,0.015740615
HOPE,0.017466766
HOTR,0.065903836
HPJ,0.037078688
HPT,0.011347931
HQCL,0.024489461
HQY,0.024774135
HRTX,0.033557067
HRZN,0.016700494
HSGX,0.034713242
HSIC,0.011949267
HSII,0.025906686
HSKA,0.02782988
HSNI,0.027525307
HSON,0.025459167
HSTM,0.025983476
HTBI,0.015944984
HTBK,0.013638851
HTBX,0.072649961
HTGM,0.162540642
HTHT,0.018356226
HTLD,0.014450846
HTLF,0.015683032
HUBG,0.02283826
HURC,0.020514987
HURN,0.020861767
HWBK,0.027307735
HWCC,0.030179807
HWKN,0.016148417
HYGS,0.030473784
HYLS,0.007712633
HYND,0.015262908
HYXE,0.00799275
HYZD,0.004848346
HZNP,0.033150347
IAC,0.013117316
IART,0.014967655
IBB,0.056815176
IBCP,0.015825793
IBKC,0.015038372
IBKR,0.012357452
IBOC,0.018248041
IBTX,0.01874459
IBUY,0.02816293
ICAD,0.038722535
ICBK,0.024321253
ICCC,0.030871634
ICFI,0.018702801
ICLN,0.039157103
ICLR,0.01406433
ICON,0.026568296
ICPT,0.037580599
ICUI,0.016307529
IDCC,0.020297691
IDLB,0.02430801
IDRA,0.043015717
IDSA,0.06810287
IDSY,0.026675566
IDTI,0.019604353
IDXG,0.24368642
IDXX,0.01557412
IEF,0.015031394
IEI,0.007955976
IEP,0.016495493
IESC,0.027324047
IEUS,0.03367718
IFEU,0.042165763
IFGL,0.026652884
IFON,0.07467408
IFV,0.03507424
IGF,0.026722837
IGLD,0.023841439
IGOV,0.025090369
III,0.025599142
IIIN,0.026303692
IIJI,0.020160987
IIN,0.041262502
IIVI,0.026614732
IJT,0.04432297
IKNX,0.028582379
ILG,0.013823472
ILMN,0.025480191
IMDZ,0.052737363
IMGN,0.054557909
IMI,0.033375003
IMKTA,0.022811931
IMMR,0.032485067
IMMU,0.042891487
IMMY,0.053627222
IMPV,0.021640992
INAP,0.051291535
INBK,0.020358969
INCR,0.026325663
INCY,0.02612837
INDB,0.023110474
INDY,0.041913343
INFI,0.059136664
INFN,0.032016575
INFO,0.010382059
INGN,0.019701959
INO,0.035621488
INOD,0.042649403
INOV,0.034541822
INPX,0.156663559
INSE,0.034023977
INSG,0.044886525
INSM,0.08190944
INSY,0.038179725
INTC,0.010097337
INTG,0.03543339
INTL,0.015494551
INTU,0.011333131
INTX,0.040111286
INVA,0.046504152
INVE,0.029042725
INWK,0.017337285
IONS,0.03653806
IOSP,0.016022402
IOTS,0.062012285
IOVA,0.036732717
IPAR,0.015230336
IPAS,0.0496977
IPCC,0.013705401
IPCI,0.033706712
IPDN,0.05522487
IPGP,0.01734453
IPHS,0.020949849
IPKW,0.024624739
IPWR,0.045816031
IPXL,0.053937981
IRBT,0.029945639
IRCP,0.004552109
IRDM,0.023449331
IRIX,0.021913683
IRMD,0.032730279
IROQ,0.009750218
IRWD,0.023803782
ISBC,0.012390359
ISCA,0.013970795
ISHG,0.021261811
ISIG,0.032644382
ISM,0.015279054
ISNS,0.034101323
ISRG,0.012191663
ISRL,0.025107883
ISSC,0.000694378
ISTB,0.00398773
ISTR,0.015757328
ITCI,0.044604632
ITEK,0.077861242
ITEQ,0.029524208
ITI,0.027798202
ITIC,0.022539858
ITRI,0.015795715
ITRN,0.010538486
ITUS,0.117696091
IUSB,0.008967278
IUSG,0.017252915
IUSV,0.024017882
IVAC,0.031597378
IVENC,0.079347467
IVFGC,0.016749589
IVFVC,0.025850946
IVTY,0.047271797
IXUS,0.019550632
IXYS,0.032367135
IZEA,0.078201444
JACK,0.013831913
JAKK,0.039348752
JASN,0.041579298
JASO,0.020838792
JAZZ,0.017692255
JBHT,0.011567404
JBLU,0.017919568
JBSS,0.020437089
JCOM,0.014924496
JCS,0.029194809
JCTCF,0.028544682
JD,0.017545938
JJSF,0.010754014
JKHY,0.008154704
JKI,0.028609215
JMBA,0.017296133
JMU,0.047085991
JNP,0.025386968
JOBS,0.012797137
JOUT,0.027338702
JRJC,0.024274613
JRVR,0.012722501
JSM,0.036552505
JSMD,0.023818384
JSML,0.02756224
JSYN,0.003017558
JTPY,0.052247635
JUNO,0.043287235
JVA,0.018474783
JXSB,0.021085565
JYNT,0.035152874
KALU,0.017294464
KALV,0.045757381
KANG,0.015169878
KBAL,0.016984083
KBSF,0.197333015
KBWB,0.060926033
KBWD,0.032531042
KBWP,0.028067644
KBWR,0.07302076
KBWY,0.034381062
KCAP,0.012662837
KE,0.01747367
KELYA,0.014953613
KELYB,0.054490134
KEQU,0.018769845
KERX,0.034872897
KEYW,0.028415606
KFFB,0.017663859
KFRC,0.020638592
KGJI,0.035354456
KHC,0.011864781
KIN,0.03668843
KINS,0.019989122
KIRK,0.033122685
KLAC,0.014638109
KLIC,0.013020712
KLXI,0.017442327
KMDA,0.017369363
KMPH,0.043972202
KNDI,0.029137535
KNSL,0.019590496
KONA,0.052933858
KONE,0.185662616
KOOL,0.052822726
KOPN,0.0358902
KOSS,0.035460468
KPTI,0.041281661
KRMA,0.019332667
KRNT,0.026649197
KRNY,0.012666568
KTCC,0.015108868
KTEC,0.026217206
KTOS,0.029653621
KTOV,0.03255704
KTWO,0.020979003
KURA,0.073579315
KVHI,0.028448838
KWEB,0.059405231
LABL,0.013593128
LAKE,0.023938463
LALT,0.007385362
LAMR,0.011018205
LANC,0.014365048
LAND,0.014663731
LARK,0.014623305
LAWS,0.028547862
LAYN,0.02518884
LBAI,0.016961002
LBIX,0.057010125
LBRDA,0.013616905
LBRDK,0.013030621
LBTYA,0.017876918
LBTYB,0.027645334
LBTYK,0.016085645
LCA,0.005238404
LCNB,0.025703212
LCUT,0.029330411
LDRI,0.003274855
LE,0.029032807
LECO,0.014401587
LEDS,0.129334685
LENS,0.031978325
LFUS,0.015302477
LFVN,0.042836594
LGCY,0.044694897
LGIH,0.024261516
LGND,0.016882525
LHCG,0.02011424
LIFE,0.054950949
LILA,0.023482376
LILAK,0.023341726
LINC,0.03115745
LIND,0.015967063
LINK,0.059645286
LION,0.018370232
LITE,0.033967012
LIVE,0.040946672
LIVN,0.015900143
LJPC,0.061669524
LKFN,0.015993289
LKOR,0.020032351
LKQ,0.011502188
LLEX,0.054054339
LLIT,0.042063748
LLNW,0.032622573
LMAT,0.030555575
LMB,0.019597539
LMBS,0.002208241
LMFA,0.085844612
LMNR,0.021633547
LMNX,0.017487062
LMOS,0.01400603
LMRK,0.014858202
LNCE,0.01685532
LNDC,0.022775596
LNGR,0.037162044
LNTH,0.042630098
LOAN,0.029621822
LOB,0.019640941
LOCO,0.020100764
LOGI,0.018851415
LOGM,0.020502056
LONE,0.042427133
LOPE,0.016208558
LORL,0.013776447
LOXO,0.047049256
LPCN,0.04006169
LPLA,0.105969809
LPNT,0.0172652
LPSN,0.032779164
LPTH,0.040615828
LQDT,0.025370904
LRAD,0.033094562
LRCX,0.016592477
LSBK,0.015102264
LSCC,0.019166351
LSTR,0.013446341
LSXMA,0.013606084
LSXMB,0.036236199
LSXMK,0.013793449
LTBR,0.055677486
LTEA,0.040466054
LTRPA,0.029824367
LTRPB,0.071758505
LTRX,0.046070375
LTXB,0.01877817
LULU,0.020581653
LUNA,0.034391855
LVHD,0.012743614
LVNTA,0.015667964
LVNTB,0.064382247
LWAY,0.026279342
LXRX,0.027117277
LYTS,0.027879671
MACK,0.042169366
MAGS,0.025884735
MAMS,0.019788325
MANH,0.018148699
MANT,0.016891577
MAR,0.011247559
MARA,0.11516738
MARK,0.040976675
MARPS,0.046623654
MASI,0.017477869
MAT,0.022283325
MATR,0.041268721
MATW,0.021621436
MAYS,0.044589243
MB,0.023700487
MBB,0.006945249
MBCN,0.021018123
MBFI,0.014859627
MBII,0.047376344
MBOT,0.094077466
MBRX,0.108717778
MBSD,0.005503632
MBTF,0.020611583
MBUU,0.019714778
MBVX,0.057463099
MBWM,0.018453355
MCBC,0.01374314
MCEF,0.023158699
MCEP,0.043602033
MCFT,0.016625523
MCHI,0.036746816
MCHP,0.014144193
MCHX,0.022389992
MCRB,0.041337836
MCRI,0.018814708
MDCA,0.006458873
MDCO,0.028029238
MDGL,0.045303248
MDGS,0.091390567
MDIV,0.015601556
MDLZ,0.012581107
MDRX,0.020917948
MDSO,0.021364628
MDVX,0.04505244
MDWD,0.027428078
MDXG,0.027972413
MEDP,0.029911654
MEET,0.031445332
MEIP,0.031448033
MELI,0.016514062
MELR,0.024161498
MEOH,0.021363525
MERC,0.017487869
MESO,0.039002143
MFIN,0.036641162
MFNC,0.016338453
MFSF,0.01655817
MGCD,0.026945955
MGEE,0.013401842
MGEN,0.192961299
MGI,0.025438843
MGIC,0.013761121
MGLN,0.01916709
MGNX,0.035956844
MGPI,0.039448185
MGYR,0.02243369
MHLD,0.015487587
MICT,0.041124324
MIDD,0.020577263
MIK,0.019827884
MILN,0.018829773
MIND,0.034722121
MINI,0.032217417
MITK,0.033219627
MITL,0.020450589
MKSI,0.018741258
MKTX,0.015706197
MLAB,0.01817733
MLCO,0.025430015
MLHR,0.016134063
MLNK,0.031147222
MLNX,0.015692955
MLVF,0.015453335
MMAC,0.009624684
MMLP,0.020754886
MMSI,0.017632256
MMYT,0.019206875
MNDO,0.013744584
MNGA,0.056863191
MNKD,0.081441093
MNOV,0.025691973
MNRO,0.019510273
MNST,0.015016647
MNTA,0.035222126
MNTX,0.031779449
MOBL,0.041582384
MOFG,0.015422689
MOMO,0.040389479
MORN,0.010067019
MOSY,0.126746924
MPAA,0.021966784
MPB,0.020006374
MPCT,0.021268251
MPVD,0.018222296
MPWR,0.014057368
MRCC,0.009570038
MRCY,0.020725885
MRDN,0.096950676
MRIC,0.087332521
MRLN,0.019006897
MRNS,0.056388081
MRTN,0.018124803
MRTX,0.099358255
MRVL,0.018380307
MSBF,0.012433366
MSBI,0.016347206
MSCC,0.019148561
MSDI,0.149864253
MSEX,0.030935562
MSFG,0.015703722
MSFT,0.009307135
MSG,0.011816063
MSON,0.031833393
MSTR,0.020969915
MTBC,0.163349216
MTCH,0.021525499
MTEX,0.026465684
MTGE,0.011207566
MTLS,0.020720356
MTP,0.032277937
MTRX,0.03385001
MTSC,0.018026663
MTSI,0.030347747
MTSL,0.043095063
MU,0.022697288
MVIS,0.062514676
MXIM,0.012477549
MXPT,0.104552343
MXWL,0.021196884
MYGN,0.027553867
MYOK,0.066145107
MYOS,0.286231572
MYRG,0.026479888
MZOR,0.029998852
NAII,0.024685589
NAKD,0.125692127
NANO,0.022046575
NATH,0.019453037
NATI,0.010427252
NATR,0.03642726
NAUH,0.033159332
NAVG,0.012531977
NAVI,0.022996632
NBEV,0.053362026
NBIX,0.03212197
NBN,0.017239568
NBTB,0.015364792
NCBS,0.013670443
NCLH,0.019486085
NCMI,0.030313313
NCOM,0.016772561
NCTY,0.030426428
NDAQ,0.008183455
NDLS,0.043679852
NDRM,0.028834185
NDSN,0.014510493
NEO,0.021607204
NEOG,0.014565554
NEON,0.047147127
NEOS,0.040802701
NEOT,0.076175295
NEPT,0.027011972
NERV,0.040530145
NETE,0.100910235
NEWS,0.023061298
NEWT,0.013380948
NFBK,0.012765556
NFEC,0.057723628
NFLX,0.021540283
NGHC,0.014950251
NH,0.051474114
NHLD,0.028599306
NHTC,0.0262033
NICE,0.010270824
NICK,0.08424716
NIHD,0.081195882
NK,0.049338982
NKSH,0.018173777
NKTR,0.040694763
NLNK,0.056301654
NLST,0.039220132
NMIH,0.02229055
NMRX,0.029479942
NNBR,0.025585634
NNDM,0.023671582
NOVN,0.069285727
NOVT,0.017518355
NRCIA,0.018715304
NRCIB,0.019999539
NRIM,0.017887282
NSEC,0.032400062
NSIT,0.024810507
NSSC,0.026409669
NSTG,0.025629769
NSYS,0.027720735
NTAP,0.014728681
NTCT,0.01794299
NTEC,0.024979068
NTES,0.019568379
NTGR,0.01839973
NTIC,0.02693922
NTLA,0.043885681
NTNX,0.041765008
NTRA,0.035497628
NTRI,0.025085609
NTRP,0.098853803
NTRS,0.012817657
NTWK,0.027682612
NUAN,0.016012648
NURO,0.044422697
NUVA,0.017944422
NVAX,0.054889975
NVCN,0.099588463
NVCR,0.03753403
NVDA,0.032721879
NVEC,0.017334219
NVEE,0.02428219
NVFY,0.069834491
NVIV,0.062383772
NVLN,0.024361478
NVMI,0.013584186
NVTR,0.030717471
NVUS,0.044399195
NWBI,0.011795945
NWFL,0.0201735
NWLI,0.014513067
NWPX,0.028129067
NWS,0.014350982
NWSA,0.013611187
NXEO,0.01578314
NXEOU,0.018462519
NXPI,0.015036611
NXST,0.019495434
NXTD,0.072548549
NXTM,0.028603994
NYMT,0.012474925
NYMX,0.066211742
NYNY,0.028112307
OACQ,0.013399191
OASM,0.040891027
OBAS,0.035359115
OBCI,0.039965641
OCC,0.043104913
OCFC,0.014361853
OCLR,0.036087701
OCRX,0.104203327
OCUL,0.050596044
ODFL,0.012649593
ODP,0.033393029
OESX,0.03806403
OFED,0.024499957
OFIX,0.016727887
OFLX,0.021952698
OFS,0.013581878
OHAI,0.028452696
OHRP,0.053077334
OIIM,0.02674158
OKSB,0.020983468
OLBK,0.015670552
OLD,0.040631356
OLED,0.031277016
OLLI,0.018179012
OMAB,0.016920154
OMCL,0.018539497
OMED,0.045538909
OMER,0.041454919
OMEX,0.039538059
OMNT,0.111035387
ON,0.019517249
ONB,0.014978023
ONCE,0.037232379
ONCS,0.038924941
ONEQ,0.019298612
ONS,0.100193472
ONTX,0.044196083
ONVI,0.085703521
ONVO,0.036178191
OPB,0.029423611
OPGN,0.063636765
OPHC,0.057322004
OPHT,0.067272928
OPK,0.028411446
OPOF,0.016608013
OPTT,0.079376691
ORBC,0.018241994
ORBK,0.016141518
OREX,0.063011932
ORG,0.026976107
ORIG,0.08213624
ORIT,0.01140801
ORLY,0.019324744
ORMP,0.028424646
ORPN,0.032973063
ORRF,0.019051163
OSBC,0.020490653
OSIS,0.015612655
OSTK,0.031032609
OSUR,0.027244661
OTEL,0.032548491
OTEX,0.011055565
OTIC,0.063922029
OTIV,0.03395974
OTTR,0.0134587
OTTW,0.01521085
OVAS,0.05559456
OVBC,0.021475985
OVLY,0.021742115
OXBR,0.017476766
OXFD,0.020741642
OXLC,0.019970738
OZRK,0.02002489
PAAS,0.027754052
PACB,0.022855945
PACW,0.016884959
PAGG,0.020611327
PAHC,0.017777821
PANL,0.039642916
PATI,0.036260299
PATK,0.020976178
PAVM,0.064183139
PAYX,0.009420697
PBBI,0.012208155
PBCT,0.011596397
PBHC,0.013411451
PBIB,0.033533246
PBIO,0.05388284
PBIP,0.0122823
PBMD,0.02766132
PBNC,0.012601708
PBPB,0.022777082
PBSK,0.017097172
PBYI,0.055439709
PCAR,0.012696181
PCBK,0.022973584
PCH,0.014828909
PCLN,0.011859208
PCMI,0.039919897
PCO,0.017713139
PCOM,0.02219365
PCRX,0.030656435
PCTI,0.023837568
PCTY,0.024253859
PCYG,0.030530086
PCYO,0.024973194
PDBC,0.02324456
PDCE,0.025530871
PDCO,0.017073086
PDEX,0.030704121
PDFS,0.024319801
PDLI,0.030796138
PDP,0.019037685
PDVW,0.030571359
PEBK,0.02140851
PEBO,0.015390278
PEGA,0.021409553
PEGI,0.013161229
PEIX,0.031377386
PENN,0.01918919
PERI,0.031797928
PERY,0.0258257
PESI,0.039547035
PETS,0.027960636
PETX,0.033038162
PEY,0.024425037
PEZ,0.029561126
PFBC,0.019562528
PFBI,0.016417467
PFBX,0.0270987
PFF,0.014523974
PFI,0.030943062
PFIE,0.037879373
PFIN,0.025147834
PFIS,0.01713999
PFLT,0.006543027
PFM,0.015634817
PFMT,0.053136066
PFPT,0.022344763
PFSW,0.027847452
PGC,0.016644174
PGJ,0.055555023
PGLC,0.019661065
PGNX,0.036132221
PGTI,0.020029786
PHII,0.033587529
PHIIK,0.02345724
PHMD,0.079468848
PHO,0.025339137
PI,0.04563367
PICO,0.019686747
PID,0.016508253
PIE,0.032111185
PIH,0.023991718
PINC,0.012077382
PIO,0.027708255
PIRS,0.029739251
PIZ,0.032834231
PKBK,0.014205036
PKOH,0.021480442
PKW,0.025161141
PLAB,0.025654942
PLAY,0.020648031
PLBC,0.025233697
PLCE,0.024685494
PLPC,0.023275136
PLPM,0.024706484
PLSE,0.071298403
PLUG,0.069335836
PLW,0.018919262
PLXP,0.083457644
PLXS,0.011824991
PMBC,0.028387497
PMD,0.033750821
PME,0.038479538
PMPT,0.019333478
PMTS,0.058891066
PNBK,0.029823695
PNFP,0.017869684
PNK,0.017337077
PNNT,0.010496283
PNQI,0.038999558
PNRG,0.051129007
PNTR,0.020653607
PODD,0.023642072
POOL,0.012529265
POPE,0.012744231
POWI,0.019220624
POWL,0.02020674
PPBI,0.019927619
PPC,0.018662546
PPH,0.041496205
PPIH,0.02039101
PPSI,0.035645715
PRAA,0.024983685
PRAH,0.0153802
PRAN,0.042828605
PRCP,0.025243955
PRFT,0.01807809
PRFZ,0.040274615
PRGS,0.014335625
PRGX,0.025208704
PRIM,0.01795544
PRKR,0.046723125
PRMW,0.024544996
PRN,0.029788746
PROV,0.010194724
PRPH,0.022684489
PRQR,0.029426514
PRSC,0.016176097
PRSS,0.029220441
PRTA,0.032624347
PRTK,0.037592425
PRTO,0.073965128
PRTS,0.027886285
PSAU,0.07246849
PSC,0.040568718
PSCC,0.040724146
PSCD,0.048227995
PSCE,0.118292687
PSCF,0.055042727
PSCH,0.046125718
PSCI,0.057273595
PSCM,0.071490741
PSCT,0.039165697
PSCU,0.027412764
PSDV,0.037855881
PSEC,0.008400876
PSET,0.019902034
PSL,0.023044969
PSMT,0.01439545
PSTB,0.014229829
PSTI,0.023937869
PTC,0.016695219
PTCT,0.07808338
PTEN,0.025479333
PTF,0.035491904
PTGX,0.047483242
PTH,0.070283128
PTI,0.058935106
PTIE,0.057217486
PTLA,0.047282171
PTNR,0.018594087
PTSI,0.026912245
PTX,0.0643572
PUB,0.020311124
PUI,0.026223271
PULM,0.136277395
PVBC,0.019426445
PWOD,0.014175165
PXI,0.082586305
PXLW,0.034416751
PXS,0.03014501
PY,0.032082222
PYDS,0.063394549
PYPL,0.013467531
PYZ,0.037878353
PZRX,0.120300488
PZZA,0.016022756
QABA,0.070079218
QADA,0.016615549
QADB,0.024175402
QAT,0.044367975
QBAK,0.062785745
QCLN,0.026974499
QCOM,0.014941658
QCRH,0.014233584
QDEL,0.026940649
QGEN,0.017998635
QINC,0.017772967
QIWI,0.021507291
QLC,0.021720083
QLYS,0.019678681
QNST,0.035810792
QQEW,0.022376266
QQQ,0.024074389
QQQC,0.035649188
QQQX,0.015337622
QQXT,0.022500896
QRHC,0.045758501
QRVO,0.018908627
QSII,0.017913676
QTEC,0.027507302
QTNT,0.036850098
QUIK,0.048074878
QUMU,0.037288669
QURE,0.031947683
QVCA,0.017935009
QVCB,0.040861877
QYLD,0.008912354
RADA,0.041423257
RAIL,0.030384503
RAND,0.02161193
RARE,0.034901142
RAVE,0.039360144
RAVN,0.021942794
RBCAA,0.015748905
RBCN,0.037934089
RBPAA,0.020574709
RCII,0.033874921
RCKY,0.023362606
RCM,0.025295616
RCMT,0.019264054
RCON,0.060720531
RDCM,0.024403295
RDHL,0.020758832
RDI,0.013341212
RDIB,0.076820251
RDNT,0.025112592
RDUS,0.034148215
RDVY,0.030281762
RDWR,0.012043188
RECN,0.023746353
REFR,0.041771465
REGI,0.023864089
REGN,0.021504926
REIS,0.022380075
RELL,0.015337787
RELV,0.054199103
RELY,0.05361666
REPH,0.035053703
RESN,0.034595329
RETA,0.036355176
REXX,0.065989972
RFAP,0.014700186
RFDI,0.019783157
RFEM,0.032431885
RFEU,0.02596572
RFIL,0.044777131
RGCO,0.024685336
RGEN,0.023022311
RGLD,0.019473411
RGLS,0.063994815
RGNX,0.038148835
RGSE,0.15262437
RIBT,0.049575456
RICK,0.021833192
RIGL,0.042883086
RILY,0.026331012
RING,0.074253984
RKDA,0.055674333
RLOG,0.07746034
RMBS,0.015557741
RMCF,0.035038034
RMR,0.020133141
RMTI,0.035830881
RNDB,0.014003149
RNET,0.028624317
RNST,0.015049195
RNVA,0.091079683
RNWK,0.020724897
ROBO,0.025755936
ROCK,0.021125814
ROIC,0.013060375
ROKA,0.062752935
ROLL,0.014988617
ROSE,0.026392358
ROSG,0.035257614
ROST,0.013351005
RP,0.017265701
RPD,0.032632413
RPRX,0.054567529
RPXC,0.017937629
RRD,0.028073366
RRGB,0.025236419
RRR,0.012699269
RSYS,0.037037499
RTIX,0.028777974
RTK,0.075262335
RTNB,0.143051054
RTRX,0.022916733
RTTR,0.062302576
RUN,0.030870363
RUSHA,0.019631094
RUSHB,0.018997652
RUTH,0.017786088
RVEN,0.042308022
RVLT,0.031447861
RVNC,0.03680532
RVSB,0.016159225
RWLK,0.028632485
RXDX,0.050066871
RXII,0.080105499
RYAAY,0.014543316
SABR,0.017032248
SAEX,0.05026403
SAFM,0.015886926
SAFT,0.010610584
SAGE,0.032604003
SAIA,0.027296934
SAL,0.018852166
SALM,0.028415761
SAMG,0.023232879
SANM,0.015948181
SANW,0.025372444
SASR,0.013881234
SATS,0.012902506
SAUC,0.028993577
SAVE,0.021877189
SBAC,0.011334217
SBBP,0.057588873
SBBX,0.018060442
SBCF,0.015726482
SBCP,0.015520008
SBFG,0.020055566
SBGI,0.021439948
SBLK,0.040862569
SBNY,0.0156496
SBOT,0.035600426
SBPH,0.043712372
SBRA,0.017020539
SBSI,0.015791508
SBUX,0.010991465
SCHL,0.013303399
SCHN,0.025195683
SCKT,0.026983462
SCLN,0.018249365
SCMP,0.036661707
SCON,0.129431308
SCSC,0.018802947
SCSS,0.028350844
SCVL,0.030990649
SCWX,0.025202682
SCYX,0.042900224
SCZ,0.024359986
SEAC,0.022940094
SEDG,0.026758189
SEED,0.034930876
SEIC,0.010193922
SELB,0.041642414
SELF,0.018680557
SENEA,0.021790302
SENEB,0.041777582
SFBC,0.017100091
SFBS,0.016958644
SFLY,0.017903062
SFM,0.021998056
SFNC,0.016069332
SFST,0.018716774
SGC,0.021119466
SGEN,0.028062491
SGLB,0.101255959
SGMA,0.027641768
SGMO,0.066117194
SGMS,0.030555893
SGOC,0.032000265
SGRP,0.032953776
SGRY,0.042119049
SGYP,0.041251908
SHBI,0.015717373
SHEN,0.022582164
SHIP,0.098137627
SHLD,0.049788659
SHLM,0.02529484
SHLO,0.039507513
SHOO,0.014922873
SHOS,0.042423815
SHPG,0.015495664
SHSP,0.029019602
SHV,0.00035749
SHY,0.001781168
SIEB,0.045268546
SIEN,0.029577718
SIFI,0.014236859
SIFY,0.02071973
SIGI,0.014967793
SIGM,0.031962497
SILC,0.022565444
SIMO,0.019694598
SINA,0.021373042
SINO,0.143343846
SIR,0.033432541
SIRI,0.01417509
SITO,0.062096564
SIVB,0.019314578
SKIS,0.028773258
SKLN,0.114536016
SKOR,0.008230512
SKYS,0.063882871
SKYW,0.023209272
SKYY,0.019263464
SLAB,0.01842806
SLCT,0.049733711
SLGN,0.011832536
SLIM,0.042564532
SLM,0.021748452
SLNO,0.05663932
SLP,0.025505769
SLQD,0.00349102
SLRC,0.007995281
SLVO,0.0506951
SMBC,0.016027168
SMBK,0.017492083
SMCI,0.009896785
SMCP,0.034054086
SMED,0.024487388
SMIT,0.031451817
SMMF,0.020045549
SMMT,0.04391656
SMRT,0.019453396
SMSI,0.060392274
SMTC,0.000221752
SMTX,0.021515604
SNAK,0.038016935
SNBC,0.012967286
SNC,0.017114629
SNCR,0.055790425
SNDE,0.044610571
SNDX,0.049085048
SNFCA,0.02147648
SNGX,0.062422639
SNH,0.01266276
SNHY,0.018664843
SNI,0.016487801
SNLN,0.00502056
SNMX,0.061126277
SNOA,0.032679268
SNPS,0.010053557
SNSR,0.02777204
SNSS,0.029798418
SOCL,0.049863244
SODA,0.023231551
SOFO,0.042250724
SOHU,0.015500128
SONA,0.013384236
SONC,0.020262565
SONS,0.026680648
SORL,0.042654884
SOXX,0.037879355
SP,0.016710538
SPAR,0.030812463
SPCB,0.026491823
SPEX,0.105454659
SPHS,0.036071396
SPI,0.050068821
SPIL,0.012783641
SPKE,0.031552614
SPLK,0.018998058
SPNE,0.02944493
SPNS,0.014441795
SPOK,0.02207826
SPPI,0.005991169
SPRT,0.017232973
SPSC,0.010139707
SPTN,0.02067678
SPWH,0.038801846
SPWR,0.039489176
SQBG,0.041360606
SQQQ,0.066169077
SRAX,0.069566306
SRCE,0.015069733
SRCL,0.01559414
SRDX,0.020246111
SRET,0.01793878
SREV,0.031701048
SRNE,0.053391098
SRPT,0.03783258
SRRA,0.029769505
SRTS,0.044274202
SSB,0.014262515
SSBI,0.015850145
SSFN,0.028617541
SSKN,0.052851432
SSNC,0.011974622
SSNT,0.073599899
SSYS,0.026510251
STAA,0.026815811
STAF,0.071926579
STB,0.010416548
STBA,0.016887448
STBZ,0.0148413
STDY,0.0448647
STFC,0.014611342
STKL,0.028554772
STKS,0.039483252
STLD,0.02141755
STLY,0.037204017
STML,0.049495578
STMP,0.015425653
STPP,0.038969634
STRA,0.021472074
STRL,0.030738892
STRM,0.068509034
STRS,0.024104699
STRT,0.038172811
STX,0.027196136
SUMR,0.03274321
SUNS,0.006734717
SUNW,0.037218099
SUPN,0.033327594
SVA,0.008621016
SVBI,0.018595153
SVRA,0.065264987
SVVC,0.008808136
SWIR,0.029293364
SWKS,0.016981544
SYBT,0.016898083
SYKE,0.01862609
SYMC,0.014261247
SYMX,0.058059645
SYNA,0.028783626
SYNC,0.017234802
SYNL,0.027314475
SYNT,0.023250484
SYPR,0.032656149
SYRS,0.040504496
TA,0.035898504
TACO,0.017186961
TACT,0.023751876
TAIT,0.030922214
TANH,0.036080283
TAPR,0.115169238
TAST,0.021017775
TATT,0.019059092
TAX,0.024091723
TAYD,0.028559185
TBBK,0.032700817
TBK,0.017158293
TBNK,0.011078918
TBPH,0.029554792
TCBI,0.019762235
TCBK,0.015123895
TCCO,0.067144358
TCFC,0.024129536
TCMD,0.032031535
TCON,0.049654722
TCPC,0.006668706
TCRD,0.011502527
TCX,0.021097371
TDIV,0.018046979
TEAM,0.015265267
TEAR,0.086351486
TECD,0.020206132
TEDU,0.019814497
TELL,0.054072299
TENX,0.078243976
TERP,0.017820204
TESO,0.033229666
TESS,0.023307481
TFSL,0.010699671
TGA,0.027368859
TGEN,0.031588945
TGLS,0.016197954
TGTX,0.073876009
THFF,0.015666424
THRM,0.020850747
THST,0.038740588
TICC,0.013084212
TIL,0.029722652
TILE,0.015909341
TIPT,0.026743771
TISA,0.044190837
TITN,0.024994264
TIVO,0.023338435
TLF,0.020249669
TLGT,0.025645299
TLT,0.030611493
TMUS,0.014856396
TNAV,0.028342473
TNDM,0.085079938
TNXP,0.054729101
TOUR,0.020045167
TOWN,0.015251834
TPIC,0.02950562
TPIV,0.048025305
TQQQ,0.075182475
TRCB,0.019600431
TRCH,0.061664365
TREE,0.02777652
TRHC,0.030958598
TRIB,0.014920789
TRIL,0.04594744
TRIP,0.023690216
TRMB,0.013730362
TRMK,0.014633451
TRNC,0.031418847
TRNS,0.019907783
TROV,0.07183398
TROW,0.012939814
TRPX,0.074003647
TRS,0.018040711
TRST,0.01896603
TRUE,0.024446204
TRUP,0.021221788
TRVN,0.047561008
TSBK,0.015208051
TSC,0.016046844
TSCO,0.01583791
TSEM,0.016591366
TSLA,0.021925232
TSRI,0.050703187
TSRO,0.032075287
TST,0.030379473
TTD,0.037736585
TTEC,0.016030982
TTEK,0.014712341
TTGT,0.015294818
TTMI,0.028309717
TTNP,0.041494329
TTOO,0.049346479
TTPH,0.038244274
TTS,0.038034248
TTWO,0.019058415
TUES,0.047116671
TUR,0.070474914
TURN,0.020923306
TUSA,0.02452094
TVIX,0.131378632
TVIZ,0.079818019
TVTY,0.022938754
TWIN,0.028002437
TWMC,0.052000536
TWNK,0.017261379
TWOU,0.018733505
TXN,0.010704698
TXRH,0.017723691
TYPE,0.016540111
TZOO,0.030376881
UAE,0.026792475
UBCP,0.017809539
UBFO,0.02353646
UBIO,0.163373154
UBNK,0.015420265
UBNT,0.022680139
UBOH,0.019681932
UBSH,0.016643657
UBSI,0.016498332
UCBA,0.013327344
UCBI,0.015869333
UCFC,0.016530978
UCTT,0.031574101
UDBI,0.015987421
UEIC,0.020839656
UEPS,0.026632824
UFCS,0.01519126
UFPI,0.017663235
UFPT,0.013137742
UG,0.021452038
UGLD,0.109430537
UHAL,0.014367119
UIHC,0.031236611
ULBI,0.02699395
ULH,0.018712528
ULTA,0.016632268
ULTI,0.016502757
UMBF,0.016359434
UMPQ,0.014875875
UNAM,0.027336149
UNB,0.022780878
UNFI,0.01912471
UNIT,0.021965824
UNTY,0.017682131
UONE,0.062138326
UONEK,0.048923069
UPLD,0.024064556
URBN,0.027761725
USAK,0.039529048
USAP,0.026258258
USAT,0.036598577
USAU,0.05763319
USCR,0.024526406
USEG,0.059602255
USLB,0.015152157
USLM,0.010767178
USLV,0.167894933
UTHR,0.021778224
UTMD,0.014629321
UTSI,0.016734151
UVSP,0.014591834
VALU,0.023970042
VALX,0.033471957
VBFC,0.03387997
VBIV,0.035110791
VBND,0.010522704
VBTX,0.018640531
VCEL,0.058057919
VCIT,0.01167633
VCLT,0.020490846
VCSH,0.004180538
VCYT,0.023144243
VDSI,0.025198287
VDTH,0.015060178
VECO,0.028467895
VEON,0.023816633
VGIT,0.009713481
VGLT,0.030122892
VGSH,0.001823139
VIA,0.020058203
VIAB,0.019334932
VIAV,0.01862578
VICL,0.026752536
VICR,0.023728437
VIDI,0.021038632
VIGI,0.028561617
VIIX,0.078459515
VIIZ,0.043192732
VIRC,0.029329575
VIRT,0.019109539
VIVE,0.040418865
VIVO,0.023367215
VKTX,0.047040028
VLGEA,0.01488475
VLRX,0.081848217
VMBS,0.00685834
VNDA,0.023507301
VNET,0.030745657
VNOM,0.017409828
VNQI,0.026874486
VOD,0.01133391
VONE,0.016192033
VONG,0.017073443
VONV,0.021925075
VOXX,0.054848078
VRA,0.025176338
VRAY,0.05235618
VRIG,0.001671206
VRML,0.050556443
VRNS,0.018311279
VRNT,0.016560479
VRSK,0.008986605
VRSN,0.01085106
VRTS,0.022108246
VRTU,0.024278851
VRTX,0.027091851
VSAR,0.069306364
VSAT,0.01696497
VSEC,0.020625763
VSTM,0.057831214
VTGN,0.035810497
VTHR,0.017335455
VTIP,0.003067937
VTL,0.053621989
VTNR,0.043052944
VTVT,0.029853629
VTWG,0.036167919
VTWO,0.04088043
VTWV,0.047826908
VUSE,0.035126954
VUZI,0.038677377
VVUS,0.030188901
VWOB,0.014700553
VWR,0.015715024
VXUS,0.019143515
VYGR,0.038761276
VYMI,0.01587695
WABC,0.014797696
WAFD,0.013810037
WASH,0.016441552
WATT,0.040369585
WAYN,0.018283038
WB,0.027694841
WBA,0.009878431
WBB,0.013707643
WBKC,0.025195125
WCFB,0.020402305
WDAY,0.019204942
WDC,0.019641087
WDFC,0.012391679
WEB,0.0177631
WEBK,0.020105277
WEN,0.013861385
WERN,0.016010106
WETF,0.02427416
WEYS,0.016649319
WFBI,0.016277213
WHF,0.028777593
WHLM,0.055493917
WHLR,0.023104181
WIFI,0.02685216
WILC,0.021675345
WIN,0.038159388
WINA,0.01278065
WING,0.0110744
WINS,0.197733523
WIRE,0.018625065
WIX,0.020998417
WKHS,0.055867122
WLB,0.044955785
WLDN,0.035739563
WLFC,0.016193026
WLTW,0.009758122
WMGI,0.017510419
WMIH,0.047415221
WNEB,0.016019586
WOOD,0.011509038
WPCS,0.03580053
WPPGY,0.012780288
WPRT,0.030712293
WRLD,0.023852693
WSBC,0.015315142
WSBF,0.013807173
WSCI,0.030199793
WSFS,0.016008913
WSTC,0.015137872
WSTG,0.017734785
WSTL,0.042416388
WTBA,0.016813243
WTFC,0.016466601
WVE,0.030681604
WVFC,0.018690865
WVVI,0.008988144
WWD,0.012248605
WYIG,0.009621676
WYNN,0.020355401
XBIO,0.091654866
XBIT,0.06976468
XBKS,0.017866607
XCRA,0.016284776
XELB,0.06204263
XENE,0.034145794
XENT,0.043437182
XGTI,0.084933835
XIV,0.107396433
XLNX,0.013892363
XLRN,0.036375591
XNCR,0.03093178
XNET,0.016910101
XOMA,0.054196157
XONE,0.031586877
XPER,0.019769861
XPLR,0.038217627
XRAY,0.012491661
XT,0.023510264
XTLB,0.068636957
YDIV,0.022184715
YECO,0.050904036
YGYI,0.044704853
YLCO,0.028167129
YNDX,0.018869537
YORW,0.019349217
YRCW,0.037317274
YTEN,0.099505964
YY,0.024453665
Z,0.021615398
ZAGG,0.03341161
ZAIS,0.10721003
ZBIO,0.183886367
ZBRA,0.017593185
ZEUS,0.038630606
ZFGN,0.034149446
ZG,0.021231434
ZGNX,0.119862457
ZION,0.015481217
ZIOP,0.037356025
ZIV,0.049492239
ZIXI,0.023293667
ZN,0.064842238
ZNGA,0.019623425
ZSAN,0.073865334
ZUMZ,0.033439828
ZYNE,0.066345592