AAAP,0.366915146
AAL,1.120448946
AAME,0.06779855
AAOI,2.050303989
AAON,0.581592986
AAPL,2.481694134
AAWW,1.62154011
AAXJ,2.152322966
AAXN,-0.227474723
ABAC,-0.200872195
ABAX,-0.470328186
ABCB,1.284451137
ABCD,0.637049384
ABCO,0.858932384
ABDC,-0.074704422
ABEO,2.098251436
ABIL,-0.90594304
ABIO,2.306314747
ABMD,1.33709645
ABTL,-1.098617803
ABTX,1.270178779
ABUS,-0.390222927
ABY,0.741808328
ACAD,0.623511685
ACBI,1.211843115
ACET,-0.905169785
ACFC,1.310868248
ACGL,2.215291966
ACHC,-0.192887907
ACHN,-0.675765348
ACIA,-0.975593836
ACIW,0.618539147
ACLS,2.420948286
ACNB,0.385553989
ACOR,0.421202545
ACRS,0.054741202
ACRX,0.435024521
ACSF,0.839580707
ACST,-0.071167618
ACTA,0.508810617
ACTG,-0.596453234
ACTX,2.577292285
ACWI,4.190535362
ACWX,2.84515269
ACXM,-0.213190564
ADAP,-0.506862328
ADBE,2.802220903
ADES,1.403006686
ADHD,-0.731222511
ADI,1.870045046
ADMA,-1.004778678
ADMP,0.81066614
ADMS,0.747188104
ADP,1.694274212
ADRA,2.176342283
ADRD,2.206851993
ADRE,1.682121993
ADRO,-0.421301527
ADRU,1.883503658
ADSK,2.031652817
ADTN,1.068477807
ADUS,1.066765393
ADVM,-0.242560557
ADXS,-1.05126721
AEGN,0.314656786
AEHR,0.365501193
AEIS,2.749544418
AEMD,-0.644865681
AERI,0.936860338
AETI,-0.601976256
AEY,-0.459550797
AEZS,-0.151968359
AFAM,1.180956873
AFH,0.641447759
AFMD,-0.466212421
AFSI,-0.81982597
AGEN,-0.546917359
AGFS,0.398360036
AGII,1.717270797
AGIO,0.482124383
AGLE,-0.522074762
AGNC,2.054561845
AGND,1.292056494
AGRX,-0.407070171
AGTC,-0.897260233
AGYS,0.502019456
AGZD,3.958945706
AHGP,0.303960818
AHPI,0.214311008
AIA,2.645454183
AIMC,1.929032142
AIMT,1.089196698
AINV,1.728966326
AIRG,-0.239161056
AIRR,1.264927709
AIRT,0.079088125
AKAM,-0.270169408
AKAO,1.490082509
AKBA,2.00948482
AKER,-0.695502446
AKRX,0.405371334
AKTS,0.970260102
AKTX,-0.210780772
ALBO,0.232136645
ALCO,0.850264909
ALDR,-0.874609929
ALDX,-0.049954063
ALGN,3.810206665
ALGT,-0.268455896
ALIM,-0.239761197
ALJJ,-0.566452756
ALKS,1.490737256
ALLT,-0.290025294
ALNY,0.183323116
ALOG,-0.221704468
ALOT,-0.270900916
ALQA,-0.535943979
ALRM,1.970597232
ALSK,0.905450527
ALT,0.24756684
ALTY,1.616046609
ALXN,0.375313622
AMAG,-0.376023944
AMAT,2.989662423
AMBA,-0.80907275
AMBC,-0.311212268
AMCN,-1.185294264
AMCX,0.447546514
AMD,1.43432492
AMDA,-0.77708068
AMED,0.292477373
AMGN,0.626790095
AMKR,0.198888867
AMNB,2.444468792
AMOT,0.835693393
AMOV,-0.160553441
AMPH,-0.077154883
AMRB,1.161346278
AMRK,0.267328733
AMRN,2.219197992
AMRS,-0.638472686
AMSC,-0.548565697
AMSF,0.253713041
AMSWA,0.549466696
AMTD,1.624820764
AMTX,-0.759478778
AMWD,0.682956967
AMZN,0.826100816
ANAT,-0.044765859
ANCB,-0.139120588
ANCX,0.969874276
ANDA,0.462328646
ANDE,-0.014999429
ANGI,0.247473489
ANGO,0.122401189
ANIK,0.794848305
ANIP,-0.562794335
ANSS,1.973352541
ANTH,-0.774122809
AOBC,-0.817436055
AOSL,-0.431835488
APDN,-0.027207157
APEI,0.007678284
APEN,-0.550634675
APLP,-0.045420666
APOG,0.295986839
APPF,5.26020066
APPS,0.507322294
APRI,-0.299809593
APTI,0.00224104
APTO,-0.682995017
APVO,0.032809036
APWC,0.723838719
AQMS,-0.137948714
AQXP,1.490055146
ARAY,-0.711902403
ARCB,1.113788044
ARCC,2.139973167
ARCI,0.101180364
ARCW,-0.670568841
ARDM,-0.404487933
ARDX,-0.800085768
AREX,-0.380857336
ARGS,-0.751049684
ARII,-0.080737631
ARKR,0.732066315
ARLP,-0.127130716
ARLZ,-0.594693522
ARNA,0.544910577
AROW,0.4904961
ARQL,-0.595265039
ARRS,0.07844558
ARRY,1.224107158
ARTNA,1.89129609
ARTW,-0.201190219
ARTX,0.276161948
ARWR,-0.42742169
ASCMA,-0.887461007
ASET,1.190777758
ASFI,-0.568567111
ASMB,6.448879833
ASML,1.475979506
ASNA,-0.814894653
ASND,1.260538513
ASPS,0.96664421
ASRV,1.05842708
ASTC,-0.56855847
ASTE,-0.221305613
ASUR,1.892829328
ASYS,2.641955741
ATAI,-0.435469015
ATAX,0.84254384
ATEC,-0.750788519
ATHN,-0.038723792
ATHX,0.314454052
ATLC,-0.393751084
ATLO,0.466953123
ATNI,-0.586354944
ATOM,-0.862550979
ATOS,-0.747445674
ATRA,-0.111997954
ATRC,1.112553036
ATRI,2.187695068
ATRO,-0.804296839
ATRS,-0.64227382
ATSG,1.689857358
ATTU,0.167924374
ATVI,1.357665014
AUBN,1.339917109
AUDC,1.4536427
AUPH,1.278323288
AVAV,3.359834832
AVDL,-0.256632328
AVEO,2.564564873
AVGO,1.841524848
AVGR,-0.53735749
AVHI,0.244577736
AVID,-0.736740345
AVIR,-0.787194778
AVNW,0.915153774
AVXL,0.393586046
AVXS,2.047817612
AWRE,-0.201365794
AXAS,0.208506713
AXDX,-0.484316485
AXGN,3.156481581
AXSM,-0.451991428
AXTI,1.055200236
AZPN,1.693038753
BABY,-0.012023725
BANF,2.278870943
BANR,1.891315404
BANX,1.716954932
BASI,0.657634066
BATRA,1.511343705
BATRK,1.59753488
BBBY,-1.248312627
BBC,0.798109502
BBGI,1.984735795
BBH,0.915412946
BBOX,3.086205495
BBP,0.862889531
BBRG,-0.907552075
BBRY,-0.144688485
BBSI,0.566699745
BCBP,1.309077332
BCLI,1.233631962
BCOR,3.870962517
BCOV,-0.852844742
BCPC,0.150512676
BCRX,0.232858446
BCTF,0.896396297
BDGE,1.07176093
BDSI,0.273177367
BEAT,1.300677674
BEBE,-0.198996722
BECN,1.041601145
BELFA,0.635282285
BELFB,0.866607391
BFIN,1.8328609
BFIT,0.319448053
BGCP,4.507811976
BGFV,-0.932751573
BGNE,0.550085427
BHAC,0.11645873
BHBK,1.706255446
BIB,0.681526937
BICK,2.310374523
BIDU,-0.358325798
BIIB,0.562678734
BIOC,-0.079162102
BIOL,-0.862703772
BIOP,2.081132607
BIOS,-0.112926615
BIS,-0.829278612
BJRI,-0.686530934
BKCC,-0.488656409
BKEP,0.390481337
BKMU,1.419520636
BKSC,0.278678315
BLBD,1.822157348
BLCM,-0.627499638
BLDP,0.838928482
BLDR,1.496517211
BLFS,4.688645417
BLKB,1.317790362
BLMN,0.192825609
BLMT,1.416260673
BLPH,0.082548049
BLRX,-0.098554626
BLUE,1.080170674
BLVD,0.60852968
BMCH,1.218466095
BMLA,1.598991435
BMRA,0.061754293
BMRC,1.449483514
BMRN,-0.069647719
BMTC,2.069098506
BNCL,0.719735068
BNDX,-0.293975753
BNFT,-0.512893697
BNSO,0.838033838
BNTC,0.357241418
BOBE,4.04464163
BOCH,2.044206159
BOFI,0.729463443
BOJA,-0.478280504
BOKF,1.332313295
BOLD,0.800025332
BOLT,0.417485425
BOMN,2.021704014
BONT,-0.437541889
BOOM,1.166220201
BOSC,0.056331737
BOTJ,0.650575905
BOTZ,4.034913991
BPFH,1.00106433
BPMC,2.706540822
BPOP,1.780005438
BPTH,-1.051007262
BRCD,1.252327463
BREW,0.103990883
BRID,0.009199255
BRKL,1.191493729
BRKR,1.511785918
BRKS,3.350824917
BSET,1.826479593
BSF,0.572325539
BSFT,0.508792001
BSPM,0.085233446
BSQR,0.245477281
BSRR,1.707206738
BSTC,0.277868122
BTEC,0.660861373
BUFF,0.757181606
BUR,-0.648347627
BUSE,1.986720753
BV,-0.405786953
BVSN,-0.187772186
BVXV,0.871897498
BWEN,-0.278745043
BWFG,2.013173185
BWINA,0.019009027
BWINB,-0.256675525
BWLD,-0.961789473
BYBK,2.280430414
BYFC,0.974143062
BZUN,2.601576157
CA,0.264756042
CAAS,0.145819216
CAC,1.878841814
CACC,1.46038345
CACQ,1.80130846
CADC,0.53823622
CAFD,0.41254715
CAKE,-0.68608411
CALA,3.566648442
CALD,1.450739827
CALI,0.227721523
CALL,0.674761214
CALM,0.286308497
CAMP,2.35540943
CAMT,2.167174304
CAPR,-0.053134925
CAR,0.191802445
CARA,0.449200806
CARB,0.492780453
CARO,2.479585015
CART,1.010784957
CARV,-0.678957315
CARZ,2.79154889
CASC,-0.889502255
CASH,0.949802129
CASI,0.851649923
CASM,-1.05155409
CASS,0.736062106
CASY,-0.307198722
CATB,-0.428805107
CATH,3.439315838
CATM,1.067736634
CATS,-0.295480982
CATY,1.278363908
CAVM,0.734044465
CBAK,-0.587485854
CBAN,1.320002689
CBAY,4.090336333
CBF,1.581935576
CBFV,1.171174357
CBIO,-0.302985685
CBLI,0.410543485
CBMG,-0.288704144
CBMX,1.581885802
CBOE,4.09756186
CBRL,1.19612603
CBSH,1.217265481
CCBG,2.048880865
CCCL,-0.218333378
CCCR,1.262888845
CCD,2.774228135
CCIH,-1.382939019
CCLP,-0.881442374
CCMP,2.410947935
CCNE,1.142472782
CCOI,2.139569907
CCRC,0.590262065
CCRN,0.446560058
CCUR,0.446931101
CCXI,0.497355249
CDC,3.126633107
CDEV,-0.21192252
CDK,0.970924943
CDL,3.138880722
CDNA,0.46451017
CDNS,2.954503691
CDOR,-0.261117938
CDTI,-0.780019621
CDTX,-0.479217195
CDW,2.680272788
CDXC,0.300491194
CDXS,1.182369342
CDZI,1.368437297
CECE,-0.484486377
CECO,1.386641639
CELG,1.347446239
CELH,2.247315793
CEMI,-0.346796521
CEMP,-0.757708856
CENT,1.244953956
CENTA,1.276185414
CENX,2.075402876
CERC,-0.393849417
CERN,0.757116735
CERS,-0.834368622
CETV,0.617725571
CETX,-0.33941423
CEVA,0.626959457
CEZ,1.433861462
CFA,3.057395951
CFBK,1.170864479
CFCO,1.329981428
CFFI,1.575579378
CFFN,0.714197649
CFMS,-0.80227435
CFNB,2.155763166
CFO,3.050884014
CFRX,-0.612714639
CG,2.76345134
CGEN,-0.650542856
CGIX,0.602712618
CGNT,1.070268446
CGNX,4.279591469
CGO,2.047441127
CHCI,-0.24813677
CHCO,1.856734945
CHDN,2.921962
CHEF,1.752879025
CHEK,-0.201208328
CHFC,0.733505014
CHFN,1.735728796
CHFS,-0.411220935
CHI,3.698102868
CHKE,-1.043672145
CHKP,0.906770005
CHMA,-0.231534091
CHMG,2.454226206
CHNR,0.258911021
CHRS,-0.705964496
CHRW,0.593621174
CHTR,1.731232145
CHUBA,1.864553078
CHUBK,1.627937409
CHUY,-0.831868082
CHW,3.092664588
CHY,3.50980569
CIBR,1.25661404
CID,2.07556996
CIDM,-0.333887811
CIGI,0.824835699
CIL,2.473564536
CINF,0.421714799
CIU,0.567144521
CIVB,1.5863967
CIZ,2.184058786
CIZN,0.487612768
CJJD,0.300667966
CLBS,-0.345049898
CLCT,1.073475288
CLDC,-0.37532203
CLDX,-0.588837598
CLFD,-0.769938489
CLIR,-0.75203791
CLLS,-0.272397897
CLMT,1.87841534
CLNE,-0.999091861
CLNT,-0.424309557
CLRB,-0.374562535
CLRO,-0.956814468
CLSD,-0.688449248
CLSN,-0.232872013
CLUB,3.030221368
CLVS,1.740899139
CLWT,0.21117881
CMCO,2.721186435
CMCSA,1.072627387
CMCT,0.796354485
CME,2.314329256
CMFN,0.789426094
CMLS,-0.775434298
CMPR,-0.169865251
CMRX,-0.162677021
CMTL,1.330556479
CNAT,0.95363183
CNBKA,3.920566963
CNCE,0.666761566
CNCR,0.182681133
CNET,-0.463309495
CNFR,-0.398531663
CNIT,-0.993390541
CNMD,1.728170117
CNOB,1.223549103
CNSL,-0.408427331
CNTF,1.106900211
CNTY,0.671667954
CNXN,0.709391709
CNXR,-0.771124906
COBZ,1.718078053
COGT,0.180377709
COHR,2.813438527
COHU,2.819994187
COKE,2.052392246
COLB,1.125289463
COLL,-0.731623215
COLM,0.440301438
COMM,0.194687349
COMT,1.023939244
CONE,1.588570345
CONN,2.010126548
COOL,6.576561132
CORE,0.287764473
CORI,1.29368446
CORT,4.204363343
COST,0.938447646
COWN,0.493020044
CPAH,-0.020876596
CPHC,0.535953617
CPIX,1.086548377
CPLA,0.647395132
CPLP,0.519214006
CPRT,1.627860284
CPRX,1.15845303
CPSH,-0.426924374
CPSI,0.571826333
CPSS,0.089103312
CPST,-0.463315467
CPTA,-0.698135592
CRAI,1.781214236
CRAY,-0.384552977
CRBP,-0.055538794
CRED,0.459897175
CREE,0.573640219
CREG,-0.825393547
CRESY,2.306708184
CRIS,-0.680102822
CRME,-0.445230397
CRMT,0.343650997
CRNT,2.249707628
CROX,0.26236919
CRTN,-0.070517132
CRTO,0.564360265
CRUS,0.121304188
CRVL,2.323078325
CRVS,0.005477562
CRWS,-0.830721176
CRZO,-1.10675755
CSA,1.45518954
CSB,1.277031312
CSBK,0.681749636
CSBR,0.907206523
CSCO,0.614759344
CSF,1.45332488
CSFL,2.50247526
CSGP,1.245515514
CSGS,0.096504788
CSII,0.639416706
CSIQ,-0.67594543
CSJ,1.567379048
CSOD,-0.211132129
CSPI,0.176322275
CSQ,3.567302177
CSTE,0.117041057
CSTR,0.445897119
CSWC,1.609359466
CSWI,2.013823722
CSX,2.154049475
CTAS,1.887038306
CTBI,1.227936601
CTG,0.207222864
CTHR,-0.416632399
CTIB,-0.70429401
CTIC,-0.329771673
CTMX,0.642779836
CTRE,2.203364017
CTRL,3.241964674
CTRN,0.151656552
CTRP,0.396862539
CTRV,-0.46006735
CTSH,2.265343933
CTSO,0.151688569
CTWS,1.149978474
CTXS,0.781374705
CUBA,4.1078768
CUBN,1.255234097
CUI,-0.844331617
CUNB,3.031064162
CUR,-0.582046477
CUTR,5.737523066
CVBF,1.300276949
CVCO,1.812834374
CVCY,1.194214296
CVGI,0.523811846
CVGW,0.548786681
CVLT,0.560994336
CVLY,2.008084926
CVO,-1.023392968
CVTI,1.079324113
CVV,0.837173935
CWAY,3.764330308
CWBC,1.074348095
CWCO,-0.051911762
CWST,2.55362645
CXDC,1.014808635
CXRX,-0.84986292
CXSE,3.397272845
CY,1.213558568
CYAD,-0.53604204
CYAN,0.212881212
CYBE,-0.767705071
CYBR,0.595964402
CYCC,-0.513500637
CYOU,1.287796935
CYRN,0.434819861
CYRX,3.5633816
CYTK,1.371138515
CYTR,-0.223126976
CYTX,-0.804993496
CZFC,1.896697805
CZNC,1.408069887
CZR,2.092081029
CZWI,1.374086733
DAIO,3.560100858
DAKT,0.615747874
DAVE,-0.691881419
DAX,2.519277279
DBVT,0.283511858
DCOM,1.336710631
DDBI,1.764744574
DELT,0.371951415
DENN,0.833224518
DEPO,-1.29443203
DERM,-0.615346821
DEST,-0.971670852
DFBG,-0.943466942
DFFN,-0.317507139
DFRG,0.422510174
DFVL,-0.687513637
DFVS,0.81764908
DGICA,0.01408932
DGICB,-0.405764389
DGII,-0.110878642
DGLD,0.087580672
DGLY,-0.873330342
DGRE,1.60677448
DGRS,0.897104683
DGRW,3.403299013
DHIL,1.010770222
DHXM,-0.536615054
DIOD,1.517088228
DISCA,-0.828495009
DISCB,-0.476046866
DISCK,-1.036270293
DISH,-0.164662223
DJCO,0.29667479
DLBL,-0.664434608
DLBS,0.800316221
DLHC,0.821396068
DLTH,-0.429218913
DLTR,0.782263265
DMLP,0.105426104
DMPI,0.328437892
DMRC,-0.036807769
DMTX,-0.134464631
DNBF,1.291209304
DNKN,0.520726819
DORM,0.528784123
DOX,1.086224748
DRAD,-1.045369775
DRIO,-0.413214623
DRNA,-0.064580241
DRRX,1.008088104
DSGX,0.756755013
DSKE,2.065658663
DSLV,0.45533018
DSPG,0.528865571
DSWL,0.815015519
DTEA,-0.890189212
DTRM,0.307543929
DTUL,-0.987736371
DTUS,0.996098702
DTYL,-0.684431244
DTYS,0.821723344
DVAX,0.856625517
DVCR,0.141654754
DVY,2.266861085
DWAC,-0.852747094
DWAQ,2.844714867
DWAS,1.398705942
DWAT,2.143064507
DWCH,0.966296802
DWFI,0.793183907
DWIN,0.81971547
DWLV,2.76487566
DWPP,3.091009858
DWSN,-0.811187063
DWTR,1.329575224
DXCM,-0.752179185
DXGE,2.455921534
DXJS,5.197710912
DXLG,-0.832052306
DXPE,0.157974985
DXPS,1.174366203
DXTR,-0.565048905
DXYN,-0.391650714
DYNT,-0.114688828
DYSL,0.646080657
DZSI,0.623488014
EA,1.652091599
EACQ,0.100666294
EARS,-0.725378402
EBAY,0.975686989
EBIO,-0.484045635
EBIX,0.746891779
EBMT,0.999329728
EBSB,1.238412284
EBTC,1.370766112
ECHO,-0.506024058
ECOL,0.967862011
ECPG,2.089405636
ECYT,0.385184178
EDAP,-0.850750205
EDBI,1.67330267
EDGE,-0.089646301
EDGW,-0.609949104
EDIT,0.710381077
EDUC,-0.223277306
EEFT,1.069136648
EEI,1.005413315
EEMA,2.283165886
EFII,-0.181243561
EFOI,-0.604358504
EFSC,1.53607376
EGAN,0.031416154
EGBN,1.673961346
EGHT,-0.228190674
EGLT,-0.967123268
EGRX,-0.220345363
EHTH,2.136841972
EIGI,-0.250691843
EIGR,-0.091084068
EKSO,-0.724782637
ELEC,1.287457724
ELGX,-0.756615443
ELON,-0.292928907
ELSE,-0.019497451
ELTK,-0.520308572
EMB,0.627905054
EMCB,1.532416456
EMCF,0.619135771
EMCG,1.088701076
EMCI,0.330006177
EMIF,1.181560514
EMITF,0.779153987
EMKR,1.053642857
EML,1.793280606
EMMS,-0.251013263
ENDP,-0.769334781
ENFC,2.519897073
ENG,-0.250832213
ENPH,0.111854677
ENSG,0.311180949
ENT,-1.029412529
ENTA,2.164818793
ENTG,2.340226506
ENTL,-0.175644716
ENZL,0.448747832
EPAY,1.913063128
EPIX,-0.061526221
EPZM,1.50286956
EQBK,1.559656831
EQFN,1.008696433
EQIX,1.683414704
ERI,2.643560284
ERIC,-0.796146218
ERIE,1.182019421
ERII,-0.953548099
ESBK,0.259055921
ESCA,0.455541343
ESEA,-0.122651466
ESES,-0.268810789
ESG,3.359106511
ESGD,2.699513728
ESGE,2.247573898
ESGG,4.053488848
ESGR,0.939855732
ESIO,4.400255963
ESLT,1.287035405
ESND,-0.649155351
ESPR,2.743185958
ESRX,-0.422964117
ESSA,1.021800578
ESXB,2.747472233
ETFC,2.036588746
ETRM,-0.299243651
ETSY,0.111804975
EUFN,4.242455749
EVAR,-0.304685723
EVBG,1.790626461
EVEP,-0.910988302
EVGBC,2.85452898
EVGN,2.49775671
EVK,0.689005254
EVLMC,0.105846352
EVLV,-0.923335008
EVOK,0.88019768
EVOL,0.186620511
EVSTC,3.249107423
EWBC,2.04144925
EWZS,1.684143945
EXA,0.885165596
EXAC,0.866392552
EXAS,2.429407061
EXEL,1.688477567
EXFO,0.835452955
EXLS,1.017704897
EXPD,1.052246266
EXPE,1.198226457
EXPO,2.132293352
EXTR,4.035574962
EYEG,-0.207736774
EYES,-0.634217036
EZPW,-0.411647167
FAAR,-0.103622536
FAB,1.778657356
FAD,1.987674668
FALN,3.411353018
FANG,0.093288264
FANH,0.186459789
FARM,-0.072620195
FARO,0.115032565
FAST,0.508347092
FATE,0.451096449
FB,1.785742504
FBIO,1.066623296
FBIZ,0.085228631
FBMS,2.031861955
FBNC,3.331843395
FBNK,2.224697054
FBSS,1.483293165
FBZ,1.129907519
FCA,3.171317144
FCAN,0.631406164
FCAP,0.262564149
FCBC,0.709731862
FCCO,1.224614252
FCCY,1.226358943
FCEF,2.470199467
FCEL,-0.737212286
FCFS,1.471385726
FCNCA,1.2175796
FCVT,3.56945331
FDEF,0.772656136
FDIV,1.76105482
FDT,2.631931734
FDTS,2.621693801
FDUS,1.251725844
FEIM,-0.340234958
FELE,0.407068817
FEM,3.196807899
FEMB,0.740889178
FEMS,2.070505459
FEP,2.902048837
FEUZ,2.906452203
FEX,2.803424059
FEYE,0.359150864
FFBC,0.824833546
FFHL,0.382324153
FFIC,1.200631388
FFIN,0.902116362
FFIV,-0.184622882
FFKT,1.456294025
FFNW,0.793996317
FFWM,2.311514069
FGBI,1.93596212
FGEN,2.280360918
FGM,2.501858707
FH,-0.88809461
FHB,2.261046356
FHK,1.959886973
FIBK,0.98031824
FINL,-0.948878038
FINX,3.152776846
FISI,0.448125272
FISV,2.295850274
FITB,1.608212393
FIVE,1.12136533
FIVN,1.48148876
FIZZ,4.401000609
FJP,1.622556864
FKO,0.457420036
FKU,1.273838263
FLAG,1.465697129
FLAT,-0.455488177
FLEX,1.853011416
FLGT,-0.668539187
FLIC,1.548799407
FLIR,1.628703812
FLKS,-0.944008292
FLL,1.350713797
FLN,1.470307437
FLWS,0.276548511
FLXN,0.441699105
FLXS,-0.081297793
FMAO,2.984182539
FMB,0.234233351
FMBH,2.122852292
FMBI,0.863311637
FMI,1.894676069
FMK,2.955482411
FMNB,1.40798486
FNBG,0.306756871
FNGN,0.871977936
FNHC,-0.255382733
FNJN,0.803640695
FNK,1.474489744
FNLC,1.298198389
FNSR,-0.574474124
FNWB,1.195569461
FNX,1.789706117
FNY,1.956051665
FOGO,0.460498394
FOLD,1.446626677
FOMX,-0.369660785
FONE,2.734007229
FONR,1.65073209
FORD,-0.246140228
FORK,0.301117045
FORM,1.200819417
FORR,0.590276791
FORTY,1.0229775
FOSL,-1.144614978
FOX,0.280439729
FOXA,0.568489772
FOXF,3.295844406
FPA,1.049094046
FPAY,-0.097778237
FPRX,-0.757846009
FPXI,2.493876099
FRAN,-0.974760444
FRBA,1.611072551
FRBK,3.190691823
FRED,-0.290812531
FRGI,-0.500451942
FRME,2.68793732
FRPH,1.312378737
FRPT,2.150363449
FRSH,-0.294604019
FSAM,-0.250342284
FSBC,1.952006046
FSBK,3.778509196
FSBW,3.691944438
FSC,0.161659958
FSFG,2.759699274
FSFR,1.212355955
FSLR,0.447048713
FSNN,1.018610249
FSTR,1.772315676
FSV,3.968322162
FSZ,2.978049853
FTA,2.554541799
FTAG,4.038909728
FTC,2.088361824
FTCS,3.134970867
FTD,-0.848162435
FTEO,-0.396618386
FTGC,-0.656408867
FTHI,2.092844897
FTLB,1.915749053
FTNT,0.18777885
FTRI,1.964594137
FTSL,2.504565785
FTSM,18.17940459
FTW,1.271680577
FTXD,0.078665056
FTXG,-0.099271813
FTXH,0.233811773
FTXL,2.366875446
FTXN,-0.434243803
FTXO,1.79010921
FTXR,1.374056689
FULT,1.38624494
FUNC,1.337232649
FUND,1.843329462
FUSB,0.220976383
FV,3.077467498
FVC,3.076110983
FVE,-0.793812623
FWONA,1.292347328
FWONK,1.479868107
FWP,0.352985644
FWRD,1.457643448
FYC,1.43520195
FYT,0.913400299
FYX,1.165539253
GABC,1.915489447
GAIA,1.905752504
GAIN,2.052807386
GALE,-1.054581815
GALT,1.193346562
GARS,0.213579848
GASS,0.264264843
GBCI,1.402317552
GBDC,2.036465767
GBLI,0.967273455
GBNK,2.638704904
GBT,0.940293729
GCBC,2.309996411
GCVRZ,-0.797530967
GDEN,2.346542542
GEC,-0.601427462
GEMP,-0.156317191
GENC,1.823030391
GENE,-0.506372393
GENY,3.781492469
GEOS,-0.335904789
GERN,0.04385907
GEVO,-0.977958888
GFED,1.030711691
GFN,0.29609686
GGAL,1.059886617
GHDX,0.255202747
GIFI,0.738256329
GIGA,-0.372733535
GIGM,0.320986282
GIII,0.042082864
GILD,0.476905657
GILT,0.241646545
GLAD,1.775896403
GLBL,0.365831071
GLBR,-1.00836978
GLBS,1.126477959
GLBZ,0.132405738
GLDD,0.692570751
GLDI,-0.624725514
GLMD,-0.010044767
GLNG,0.984030124
GLPG,3.073750894
GLPI,1.514189365
GLRE,-0.260989719
GLUU,1.455706448
GLYC,0.929537556
GMLP,2.09431563
GNBC,3.184197146
GNCA,-0.584809703
GNCMA,2.711896392
GNMA,0.046945865
GNMK,-0.585729076
GNMX,-0.787140899
GNRX,-0.596579658
GNTX,0.706262606
GNUS,-0.660872081
GOGL,2.452519587
GOGO,0.246076391
GOLD,-0.6401834
GOOD,1.53906643
GOOG,1.416027483
GOOGL,1.2903971
GOV,-0.023963362
GPAC,0.515802009
GPIA,0.237977267
GPIC,-0.047842803
GPOR,-1.182005824
GPP,0.484360283
GPRE,-0.644499649
GPRO,-0.997063747
GRBK,0.857328861
GRFS,1.113553857
GRID,2.871597565
GRIF,0.827976044
GRMN,1.320141006
GROW,2.34556639
GRPN,-0.07434028
GRVY,3.937073674
GSBC,1.401830431
GSIT,1.048922276
GSM,0.399387363
GSVC,-0.608301507
GT,0.085282884
GTIM,-0.204920645
GTLS,0.611188992
GTXI,-0.061009428
GULF,0.695694617
GURE,0.237919327
GWGH,0.64160819
GWPH,1.541143485
GWRS,1.147298559
GYRO,1.178831895
HA,-0.661582084
HABT,-0.154454333
HAFC,0.662771324
HAIN,0.724758629
HALL,0.474561232
HALO,0.692725433
HAS,0.846963093
HAWK,1.597515663
HAYN,0.141394769
HBAN,1.592709721
HBCP,2.170663974
HBHC,1.71694835
HBIO,0.548241707
HBK,0.543598892
HBMD,1.876872459
HBNC,1.539648831
HBP,0.602849144
HCAP,1.351619087
HCCI,1.521862856
HCKT,-0.148348427
HCM,0.979004305
HCOM,1.158210672
HCSG,1.769226142
HDNG,0.928149674
HDP,1.934768647
HDS,0.436026725
HDSN,0.420439725
HEAR,-0.412272866
HEES,1.592079744
HELE,-0.385711205
HEWG,2.078445562
HFBC,1.525718183
HFBL,0.562259483
HFWA,3.036975678
HGSH,-0.105275933
HIBB,-1.206257525
HIFS,2.151303783
HIHO,-0.229564606
HIIQ,2.78418278
HIMX,-0.320256609
HLG,-0.078719368
HLIT,-0.99083636
HMHC,-0.257396752
HMNF,1.261403294
HMNY,0.428843193
HMST,0.370512246
HMSY,-0.190005406
HMTA,0.672544108
HNH,1.703166682
HNNA,-0.623347914
HNRG,-0.549482249
HOFT,1.727925779
HOLI,-0.573282409
HOLX,-0.247232549
HOMB,0.751702982
HONE,1.059597593
HOPE,0.108767117
HOTR,-0.564137322
HPJ,1.587690134
HPT,0.367552991
HQCL,-1.140755275
HQY,0.93091585
HRTX,-0.106525764
HRZN,-0.335486182
HSGX,-0.642216838
HSIC,-0.023574008
HSII,0.283096636
HSKA,1.798822073
HSNI,-0.042426725
HSON,-0.012153912
HSTM,-0.401252626
HTBI,1.791393233
HTBK,1.608600847
HTBX,-0.417477542
HTGM,-0.084328786
HTHT,1.798912102
HTLD,1.191962435
HTLF,1.539432794
HUBG,-0.028362821
HURC,1.702776294
HURN,-1.224115721
HWBK,1.309680502
HWCC,-0.306045575
HWKN,-0.015209311
HYGS,-0.314220143
HYLS,2.377527261
HYND,2.16437349
HYXE,2.371460579
HYZD,4.732592211
HZNP,-0.172471124
IAC,2.283014654
IART,1.220529828
IBB,0.790723135
IBCP,1.396023575
IBKC,0.797291143
IBKR,1.406577792
IBOC,1.370709264
IBTX,1.492590212
IBUY,3.288987891
ICAD,-0.116268424
ICBK,1.420148584
ICCC,-0.268248084
ICFI,0.884807084
ICLN,0.148909576
ICLR,0.238306529
ICON,-0.692631846
ICPT,-0.903232395
ICUI,1.908431589
IDCC,-0.070481113
IDLB,1.757519874
IDRA,-0.06475849
IDSA,0.1521755
IDSY,1.013940622
IDTI,0.564393551
IDXG,0.010260336
IDXX,1.698687494
IEF,-0.574491431
IEI,-0.357763668
IEP,1.037215107
IESC,0.228574683
IEUS,2.225839964
IFEU,0.557024034
IFGL,0.43498087
IFON,-0.373934039
IFV,1.870801739
IGF,1.330291222
IGLD,-0.586454746
IGOV,-0.174916717
III,0.244091706
IIIN,-0.564097909
IIJI,-0.37462603
IIN,2.006742075
IIVI,1.511370038
IJT,1.364069549
IKNX,-0.589744014
ILG,3.130502213
ILMN,0.286001041
IMDZ,0.186829067
IMGN,1.947083742
IMI,0.050356327
IMKTA,-0.893572882
IMMR,0.033968388
IMMU,5.991117455
IMMY,-0.630317981
IMPV,-0.563423273
INAP,2.370924847
INBK,1.627463666
INCR,0.511953801
INCY,0.507810471
INDB,-0.57419352
INDY,1.034017681
INFI,-0.159398271
INFN,-0.120666344
INFO,0.951717575
INGN,1.616182091
INO,-0.542125517
INOD,-0.787746729
INOV,0.309942498
INPX,-0.370401312
INSE,0.792579413
INSG,-0.871923806
INSM,0.790616306
INSY,-0.460228709
INTC,0.479968635
INTG,0.145529059
INTL,-0.000738331
INTU,1.840461593
INTX,1.294131244
INVA,-0.537505555
INVE,-0.795063948
INWK,1.028134641
IONS,1.193077068
IOSP,0.107724518
IOTS,2.201309641
IOVA,0.197464696
IPAR,1.160325092
IPAS,-0.754466141
IPCC,0.875065158
IPCI,0.344785724
IPDN,-0.51180971
IPGP,4.703710901
IPHS,1.157466109
IPKW,2.782900335
IPWR,-0.713953828
IPXL,-0.178645536
IRBT,1.606503929
IRCP,0.041848344
IRDM,1.163216683
IRIX,-0.945818593
IRMD,0.047395588
IROQ,0.365022722
IRWD,0.180054333
ISBC,0.785910708
ISCA,0.737094864
ISHG,0.133912082
ISIG,-0.643475811
ISM,-0.487269333
ISNS,-0.215899843
ISRG,2.570483394
ISRL,0.74644543
ISSC,36.17171439
ISTB,0.829301393
ISTR,2.443687235
ITCI,-0.033709581
ITEK,-0.605513991
ITEQ,2.261602329
ITI,2.340441255
ITIC,2.577539196
ITRI,1.48740669
ITRN,3.150830134
ITUS,-0.237728077
IUSB,0.285360054
IUSG,3.392624643
IUSV,1.942922205
IVAC,0.61431122
IVENC,-0.471135956
IVFGC,3.980173956
IVFVC,1.170019572
IVTY,-0.409444773
IXUS,2.918916047
IXYS,2.063446461
IZEA,0.035815304
JACK,0.413781766
JAKK,-1.20480367
JASN,-0.230303292
JASO,-0.610567451
JAZZ,0.334094003
JBHT,1.658711457
JBLU,0.242943844
JBSS,1.249601711
JCOM,0.636022597
JCS,-0.089435514
JCTCF,0.283740276
JD,0.524736846
JJSF,0.697819611
JKHY,2.056232633
JKI,1.518750128
JMBA,-0.641187299
JMU,-0.479212831
JNP,-0.58371138
JOBS,0.75183177
JOUT,2.252733392
JRJC,-0.847151721
JRVR,1.712262012
JSM,0.055242305
JSMD,2.533830188
JSML,2.033386585
JSYN,0.656942441
JTPY,-0.506076785
JUNO,0.613766406
JVA,-0.627201556
JXSB,0.324727361
JYNT,1.871355965
KALU,0.963594396
KALV,-0.148639896
KANG,-1.158666721
KBAL,2.176747277
KBSF,-0.032523086
KBWB,2.009520009
KBWD,1.708639949
KBWP,1.79053708
KBWR,1.115050701
KBWY,1.030283468
KCAP,1.272656724
KE,2.189167291
KELYA,1.449603693
KELYB,0.276119829
KEQU,1.413738291
KERX,0.607911394
KEYW,-0.800855104
KFFB,1.147964945
KFRC,0.035079269
KGJI,-0.071845793
KHC,-0.37236887
KIN,0.774734761
KINS,2.669430402
KIRK,0.004056558
KLAC,2.155164186
KLIC,3.231617795
KLXI,1.889361541
KMDA,2.367654166
KMPH,-0.030499997
KNDI,-0.85774474
KNSL,3.312394604
KONA,-0.908160552
KONE,0.151365108
KOOL,0.144627724
KOPN,1.727623404
KOSS,-0.533654056
KPTI,0.090094674
KRMA,2.723050745
KRNT,1.826294138
KRNY,0.643688162
KTCC,-0.483916334
KTEC,2.018005961
KTOS,2.07672745
KTOV,-0.904369909
KTWO,0.716361436
KURA,1.238279364
KVHI,0.708656661
KWEB,1.908221802
LABL,1.297774971
LAKE,1.291640189
LALT,-2.121319729
LAMR,0.57176922
LANC,-0.235793124
LAND,2.15033116
LARK,0.897856329
LAWS,0.923599947
LAYN,1.292221264
LBAI,2.061820153
LBIX,-0.204678118
LBRDA,1.85842006
LBRDK,1.908444487
LBTYA,0.207305755
LBTYB,0.601551721
LBTYK,0.247580966
LCA,0.438579696
LCNB,0.443298312
LCUT,1.177488191
LDRI,1.196926657
LE,-0.329375487
LECO,2.155348415
LEDS,0.039518152
LENS,-0.468548979
LFUS,2.361125493
LFVN,-0.746433948
LGCY,0.235967238
LGIH,1.194618774
LGND,1.426929037
LHCG,2.672730559
LIFE,0.749196105
LILA,-0.824126772
LILAK,-0.888265135
LINC,0.147285784
LIND,0.766878568
LINK,-0.351563179
LION,1.049655565
LITE,0.648452153
LIVE,0.02849809
LIVN,-0.306498924
LJPC,0.409107959
LKFN,1.492040565
LKOR,0.290312967
LKQ,0.453445959
LLEX,0.612674166
LLIT,-0.223228685
LLNW,2.380335488
LMAT,1.955199226
LMB,0.637475868
LMBS,2.456201452
LMFA,-0.650295782
LMNR,0.680775727
LMNX,-0.345477607
LMOS,1.289810502
LMRK,0.308805938
LNCE,0.621486159
LNDC,-0.110346181
LNGR,1.384272413
LNTH,1.781981723
LOAN,-0.251934366
LOB,2.433578697
LOCO,0.165360971
LOGI,3.052353188
LOGM,0.870378996
LONE,-0.954827541
LOPE,4.373812264
LORL,1.431529454
LOXO,3.821035692
LPCN,-0.149682883
LPLA,-0.484149363
LPNT,-0.188511563
LPSN,1.505216238
LPTH,0.835037135
LQDT,-1.043520067
LRAD,0.40101402
LRCX,3.699805815
LSBK,1.213549793
LSCC,-0.510769548
LSTR,2.265867004
LSXMA,1.406414998
LSXMB,0.499425496
LSXMK,1.464666937
LTBR,-0.348012515
LTEA,-0.62840591
LTRPA,-0.940559693
LTRPB,-0.788691036
LTRX,0.780110005
LTXB,0.713166548
LULU,-0.601555979
LUNA,0.3278224
LVHD,2.806679947
LVNTA,1.975825085
LVNTB,1.421095041
LWAY,-0.909461055
LXRX,-0.811955815
LYTS,-0.724094374
MACK,-1.037275251
MAGS,1.079781671
MAMS,0.704045388
MANH,1.039644987
MANT,0.706842792
MAR,3.741490122
MARA,-0.478198478
MARK,-0.290688436
MARPS,0.595237113
MASI,1.644731999
MAT,-1.335420697
MATR,-0.597795888
MATW,1.984348771
MAYS,0.060013817
MB,0.929131862
MBB,0.047528904
MBCN,1.373714871
MBFI,0.91396891
MBII,-0.433440974
MBOT,-0.599942554
MBRX,-0.33384269
MBSD,-0.477642305
MBTF,1.065610024
MBUU,3.674678966
MBVX,-0.991835528
MBWM,1.206013427
MCBC,1.536749782
MCEF,-0.128759612
MCEP,-0.929299942
MCFT,3.307625544
MCHI,2.529606164
MCHP,2.436046458
MCHX,0.663462031
MCRB,-0.10306365
MCRI,1.98208039
MDCA,2.390890426
MDCO,-0.178276775
MDGL,2.732337613
MDGS,-0.625800337
MDIV,1.400358277
MDLZ,-0.160954018
MDRX,0.288716355
MDSO,1.171392707
MDVX,-0.266623615
MDWD,-0.351472576
MDXG,1.352649265
MEDP,0.234507193
MEET,-0.733105393
MEIP,1.003027435
MELI,2.566514754
MELR,0.672442082
MEOH,1.250803537
MERC,0.90361937
MESO,-0.090280025
MFIN,-1.116640839
MFNC,1.990529729
MFSF,1.653344028
MGCD,0.872336644
MGEE,1.143166357
MGEN,0.052180014
MGI,2.927258193
MGIC,0.682025417
MGLN,2.032881408
MGNX,-0.71132462
MGPI,-0.86772421
MGYR,0.864696459
MHLD,0.451075615
MICT,-0.756295971
MIDD,2.025368277
MIK,-0.276763372
MILN,2.153218452
MIND,0.031061761
MINI,2.045944675
MITK,0.361474389
MITL,-0.395458898
MKSI,3.368688034
MKTX,0.63963596
MLAB,0.974114023
MLCO,0.556590765
MLHR,1.137835646
MLNK,0.583056933
MLNX,-0.209869433
MLVF,2.837229159
MMAC,3.008482725
MMLP,-0.223518285
MMSI,3.140580869
MMYT,1.802278028
MNDO,1.220969018
MNGA,-1.033859787
MNKD,0.480896838
MNOV,-0.439687815
MNRO,-0.227985313
MNST,0.633287206
MNTA,0.313743326
MNTX,1.310116597
MOBL,0.930423225
MOFG,0.738341069
MOMO,2.661566065
MORN,0.654471767
MOSY,-0.446020955
MPAA,0.066543589
MPB,2.156599102
MPCT,2.476256266
MPVD,-0.359160842
MPWR,1.761450161
MRCC,1.356130626
MRCY,3.325768108
MRDN,-0.660588718
MRIC,-0.562690403
MRLN,1.778770406
MRNS,4.479852115
MRTN,1.994549593
MRTX,0.881588768
MRVL,1.620756923
MSBF,1.912862684
MSBI,1.090669974
MSCC,0.898876289
MSDI,-0.257168548
MSEX,1.572794807
MSFG,1.828468052
MSFT,2.450276825
MSG,1.608217818
MSON,2.531054561
MSTR,-0.692665852
MTBC,0.829858738
MTCH,1.300234207
MTEX,-0.430043548
MTGE,1.829324988
MTLS,1.030151671
MTP,-0.457716677
MTRX,-0.453837526
MTSC,0.719590204
MTSI,0.115491591
MTSL,-0.424209607
MU,3.414863124
MVIS,1.042145386
MXIM,1.40840083
MXPT,0.353285866
MXWL,0.531508033
MYGN,1.604812365
MYOK,1.302908984
MYOS,0.009263994
MYRG,0.085949513
MZOR,2.457796274
NAII,-0.639318145
NAKD,-0.038093335
NANO,0.789210249
NATH,1.408968099
NATI,3.356967326
NATR,-0.570861175
NAUH,-0.101234245
NAVG,1.030997482
NAVI,-0.178532069
NBEV,1.098640597
NBIX,0.452249304
NBN,5.055243303
NBTB,0.556879472
NCBS,2.69298467
NCLH,1.927506657
NCMI,-0.916528366
NCOM,2.295064324
NCTY,-0.799692795
NDAQ,1.378890558
NDLS,-0.060370068
NDRM,1.615823065
NDSN,0.852316173
NEO,0.971699994
NEOG,1.912242263
NEON,0.157702446
NEOS,0.527360114
NEOT,-0.524278921
NEPT,0.039214203
NERV,-0.724033997
NETE,-0.233142288
NEWS,0.294047814
NEWT,1.746450493
NFBK,0.475113696
NFEC,0.602799414
NFLX,2.446639221
NGHC,-0.180859294
NH,-0.844232892
NHLD,-0.443264946
NHTC,-0.324088335
NICE,0.305694136
NICK,0.60676208
NIHD,-0.685113756
NK,-0.403880121
NKSH,1.029272937
NKTR,0.732942287
NLNK,-0.634298688
NLST,-0.765845327
NMIH,1.892191959
NMRX,-1.062474089
NNBR,1.347696395
NNDM,-0.207660121
NOVN,-0.669015935
NOVT,5.873619546
NRCIA,5.293761001
NRCIB,1.544492265
NRIM,1.298218022
NSEC,-0.603625403
NSIT,1.005323792
NSSC,1.01103706
NSTG,-0.521144633
NSYS,-0.104861203
NTAP,1.323664569
NTCT,0.487130886
NTEC,1.004502741
NTES,2.72467617
NTGR,-0.273838808
NTIC,0.572210045
NTLA,0.891515243
NTNX,-0.575548444
NTRA,0.277631407
NTRI,2.21118852
NTRP,-0.353481703
NTRS,1.481170602
NTWK,-1.096835042
NUAN,0.389902907
NURO,-1.214315244
NUVA,-0.542713452
NVAX,-0.569350956
NVCN,-0.382088525
NVCR,-0.621272884
NVDA,3.247144762
NVEC,1.621782639
NVEE,1.892017954
NVFY,-0.555723671
NVIV,-0.816697546
NVLN,0.516607771
NVMI,2.887754928
NVTR,1.984987901
NVUS,-0.927779591
NWBI,0.842277487
NWFL,1.719314169
NWLI,3.292171963
NWPX,1.468128268
NWS,-0.484705302
NWSA,-0.404773206
NXEO,-0.253515816
NXEOU,-0.045703453
NXPI,0.973856613
NXST,0.450784101
NXTD,-0.2281265
NXTM,0.157175964
NYMT,1.390479676
NYMX,0.432046919
NYNY,0.360257693
OACQ,0.269842081
OASM,-0.692995215
OBAS,0.594465415
OBCI,1.2623343
OCC,-0.157222854
OCFC,1.816821301
OCLR,-0.032487095
OCRX,-0.414442521
OCUL,-0.203811131
ODFL,2.602804022
ODP,0.211924293
OESX,-0.550572365
OFED,0.854495849
OFIX,1.033870905
OFLX,2.411571608
OFS,2.164802211
OHAI,-0.60336548
OHRP,-0.95892036
OIIM,0.389176992
OKSB,1.686959741
OLBK,2.005779757
OLD,-0.052185933
OLED,2.979072771
OLLI,2.477061453
OMAB,0.378092556
OMCL,1.367572906
OMED,-0.871136727
OMER,1.973355002
OMEX,0.169557161
OMNT,-0.091449544
ON,1.853737207
ONB,1.382653289
ONCE,0.509905965
ONCS,-0.67467463
ONEQ,3.496380789
ONS,-0.394042857
ONTX,-0.60087144
ONVI,0.872715058
ONVO,-0.888497634
OPB,-0.671072686
OPGN,-0.863746445
OPHC,-0.635704868
OPHT,-0.910926778
OPK,-0.864852169
OPOF,2.330799769
OPTT,-0.64893527
ORBC,0.771335393
ORBK,1.312799
OREX,-0.357420761
ORG,2.344334204
ORIG,-0.420252261
ORIT,0.976189165
ORLY,-0.738779672
ORMP,-0.142541878
ORPN,-1.012412728
ORRF,0.888880644
OSBC,2.222967282
OSIS,1.555476306
OSTK,1.77985742
OSUR,4.141495817
OTEL,2.634326275
OTEX,2.05885832
OTIC,-0.852351158
OTIV,1.461135898
OTTR,1.869117526
OTTW,1.144382597
OVAS,-0.963651303
OVBC,1.988340477
OVLY,2.162867668
OXBR,1.199967735
OXFD,1.115582892
OXLC,3.466520439
OZRK,0.685976636
PAAS,1.441574204
PACB,0.784545918
PACW,0.594887479
PAGG,2.183981819
PAHC,1.443445818
PANL,-0.086641732
PATI,-0.026340745
PATK,1.071697444
PAVM,-0.755917234
PAYX,0.977702839
PBBI,1.496962334
PBCT,1.172063442
PBHC,1.323427795
PBIB,0.919934135
PBIO,-0.454068885
PBIP,1.249936238
PBMD,-0.002892442
PBNC,3.048218537
PBPB,-0.239901034
PBSK,-0.288280074
PBYI,0.790185414
PCAR,1.258424463
PCBK,1.606424259
PCH,1.865250364
PCLN,1.433110881
PCMI,-0.545729619
PCO,-0.2015881
PCOM,-0.100238711
PCRX,0.07845747
PCTI,0.786987868
PCTY,0.337827646
PCYG,-0.037431885
PCYO,0.76726225
PDBC,0.326852317
PDCE,-0.712195207
PDCO,-0.604063051
PDEX,1.465105943
PDFS,-0.265708672
PDLI,0.051819878
PDP,2.358202642
PDVW,1.057231065
PEBK,2.486705939
PEBO,1.712426587
PEGA,3.03100531
PEGI,0.840766449
PEIX,-0.397842961
PENN,2.516246392
PERI,0.18326571
PERY,0.629735104
PESI,-0.526108909
PETS,1.725108329
PETX,-0.664469057
PEY,1.37682002
PEZ,1.241924924
PFBC,2.375715719
PFBI,1.904791882
PFBX,0.800576422
PFF,0.843784511
PFI,0.894045516
PFIE,0.841836308
PFIN,-0.496170878
PFIS,0.809493282
PFLT,2.426434694
PFM,2.08994632
PFMT,-0.499626622
PFPT,0.680378527
PFSW,-0.270139822
PGC,2.048743046
PGJ,1.746085184
PGLC,-0.959787607
PGNX,0.163237923
PGTI,1.241953876
PHII,-0.658796541
PHIIK,-0.986437502
PHMD,0.070972541
PHO,1.879653114
PI,0.296174812
PICO,2.129217011
PID,2.452742748
PIE,1.686129779
PIH,0.182252772
PINC,0.515999934
PIO,1.25074084
PIRS,1.14855805
PIZ,1.381496279
PKBK,2.674466285
PKOH,0.85473411
PKW,2.124285616
PLAB,-0.329697707
PLAY,0.9014909
PLBC,2.880946432
PLCE,1.37188411
PLPC,1.626045957
PLPM,0.628181479
PLSE,1.587741185
PLUG,0.419998547
PLW,-0.587544227
PLXP,-0.817613218
PLXS,1.284923252
PMBC,0.689327851
PMD,-0.028057786
PME,4.973494592
PMPT,1.144733064
PMTS,-0.968447245
PNBK,0.915924737
PNFP,0.776019458
PNK,3.464268132
PNNT,2.716332801
PNQI,1.900356293
PNRG,-0.372218527
PNTR,1.651327153
PODD,1.345565058
POOL,0.919544448
POPE,0.83348543
POWI,0.510326404
POWL,-0.607029984
PPBI,1.621421377
PPC,1.297617127
PPH,0.179984789
PPIH,0.408364257
PPSI,0.632901377
PRAA,-0.440297748
PRAH,1.647297608
PRAN,0.990996858
PRCP,0.584261897
PRFT,-0.115489225
PRFZ,1.456570452
PRGS,2.015372173
PRGX,1.287726539
PRIM,1.387842937
PRKR,-0.888611926
PRMW,-0.17526735
PRN,2.01383845
PROV,0.382532115
PRPH,0.027387206
PRQR,0.789087913
PRSC,0.494048147
PRSS,-0.66036109
PRTA,0.576613174
PRTK,1.327999063
PRTO,-0.664105797
PRTS,-0.363953344
PSAU,-0.504702123
PSC,1.488486474
PSCC,0.83465866
PSCD,1.042789971
PSCE,-0.464133065
PSCF,1.158812372
PSCH,1.576611393
PSCI,1.18566424
PSCM,0.968884961
PSCT,1.809262783
PSCU,2.53569818
PSDV,-1.035296083
PSEC,2.53804393
PSET,2.442456247
PSL,1.34945299
PSMT,0.361688788
PSTB,2.742939808
PSTI,-0.397134409
PTC,0.91573314
PTCT,0.39747566
PTEN,-0.240837281
PTF,1.800006481
PTGX,-0.142687846
PTH,1.167835309
PTI,-0.936544896
PTIE,-0.436729358
PTLA,1.847835992
PTNR,0.792493421
PTSI,0.177607168
PTX,-0.520396945
PUB,2.322451905
PUI,1.343155811
PULM,0.125709373
PVBC,1.648948927
PWOD,0.531949899
PXI,-0.469622771
PXLW,1.720290777
PXS,0.753500336
PY,1.868512263
PYDS,-0.219278689
PYPL,2.752963386
PYZ,1.073100232
PZRX,-0.427827864
PZZA,-0.301278062
QABA,1.203275211
QADA,2.18092561
QADB,1.56224052
QAT,-1.059702676
QBAK,0.856314515
QCLN,2.970412854
QCOM,-0.766361908
QCRH,2.353605854
QDEL,2.291851249
QGEN,1.215859168
QINC,2.25817128
QIWI,0.639545972
QLC,2.292645953
QLYS,1.098206175
QNST,2.702667554
QQEW,2.856059298
QQQ,2.854089233
QQQC,2.026203905
QQQX,3.574345637
QQXT,2.085746793
QRHC,-0.547817201
QRVO,1.312212674
QSII,1.288443085
QTEC,3.666993738
QTNT,-0.29538256
QUIK,1.317481327
QUMU,0.101824985
QURE,-0.834527432
QVCA,0.624661442
QVCB,0.256994162
QYLD,5.348347607
RADA,0.309174336
RAIL,0.794671548
RAND,-0.237981619
RARE,-0.36773722
RAVE,-0.709369882
RAVN,1.430112901
RBCAA,1.062321921
RBCN,0.363690352
RBPAA,2.930939717
RCII,-0.045978625
RCKY,1.251728999
RCM,1.444874058
RCMT,-0.540202962
RCON,0.035514694
RDCM,1.803440419
RDHL,-0.553579351
RDI,0.956173342
RDIB,1.130134195
RDNT,1.478003466
RDUS,-0.499916713
RDVY,2.623449262
RDWR,2.545440079
RECN,0.07999343
REFR,-0.846170166
REGI,0.864192799
REGN,0.475665835
REIS,-0.318394427
RELL,-0.440775555
RELV,0.005828882
RELY,-0.895280333
REPH,0.090210697
RESN,-0.282349354
RETA,0.163470537
REXX,-0.521401784
RFAP,2.955345721
RFDI,3.317681288
RFEM,1.984177077
RFEU,2.981909766
RFIL,0.482801796
RGCO,2.323416885
RGEN,0.732129633
RGLD,0.931404899
RGLS,-0.641316783
RGNX,1.926965713
RGSE,-0.415676002
RIBT,-0.231522285
RICK,3.304647098
RIGL,0.007721259
RILY,0.719885147
RING,-0.559045489
RKDA,-0.974902511
RLOG,-0.492288474
RMBS,0.399589956
RMCF,0.147790811
RMR,1.323397077
RMTI,0.219685915
RNDB,0.110065457
RNET,0.599813006
RNST,1.136854231
RNVA,-0.676693743
RNWK,0.237634143
ROBO,4.119773262
ROCK,-0.521156863
ROIC,-0.152691481
ROKA,-0.8997291
ROLL,2.648837554
ROSE,0.544783675
ROSG,-1.163702365
ROST,0.193171916
RP,2.782938158
RPD,1.159184339
RPRX,-1.036799413
RPXC,0.99560488
RRD,-1.194863414
RRGB,1.200053308
RRR,0.20888719
RSYS,-1.311472247
RTIX,1.204618247
RTK,-0.743615955
RTNB,-0.401585225
RTRX,0.164482626
RTTR,-0.802418793
RUN,-0.247984437
RUSHA,2.709611272
RUSHB,2.569583052
RUTH,2.067966913
RVEN,-0.403820162
RVLT,-0.109963071
RVNC,1.229197782
RVSB,2.419006698
RWLK,-0.941860542
RXDX,1.349253001
RXII,-0.57599141
RYAAY,-0.120431165
SABR,-1.188884141
SAEX,-0.86364702
SAFM,2.920426484
SAFT,1.371955582
SAGE,0.607579591
SAIA,-0.885923757
SAL,1.9669448
SALM,0.200505163
SAMG,1.127622364
SANM,0.804703891
SANW,-1.048659086
SASR,1.851214731
SATS,1.278551116
SAUC,1.548378483
SAVE,-0.555638023
SBAC,1.897496157
SBBP,0.252035933
SBBX,1.682044006
SBCF,2.177703627
SBCP,2.765973211
SBFG,1.16046574
SBGI,0.636825547
SBLK,2.814924655
SBNY,0.099709196
SBOT,-0.946447089
SBPH,0.465349808
SBRA,-0.035669809
SBSI,0.72931891
SBUX,0.275948827
SCHL,-0.048187608
SCHN,0.778494351
SCKT,1.143409737
SCLN,0.280839955
SCMP,-0.273526528
SCON,-0.265268984
SCSC,0.681105853
SCSS,1.22787106
SCVL,-0.451971156
SCWX,-0.11186264
SCYX,-0.839677047
SCZ,2.565157259
SEAC,-0.363455049
SEDG,-0.411454571
SEED,0.696041181
SEIC,2.476156282
SELB,0.411256763
SELF,-0.112881352
SENEA,0.661978849
SENEB,-0.068322734
SFBC,1.719407514
SFBS,1.981996119
SFLY,0.185247694
SFM,-0.267626688
SFNC,0.695796455
SFST,1.238722869
SGC,0.554170448
SGEN,0.067825886
SGLB,-0.426457546
SGMA,1.403355601
SGMO,2.558226475
SGMS,6.212853667
SGOC,-0.312286746
SGRP,0.110635896
SGRY,-0.661556145
SGYP,-0.61808904
SHBI,1.87589649
SHEN,1.429333741
SHIP,-0.37964565
SHLD,-0.544395146
SHLM,0.679529443
SHLO,0.778120222
SHOO,0.725657044
SHOS,-0.943285232
SHPG,0.063808941
SHSP,-0.688281255
SHV,4.310233146
SHY,0.170780111
SIEB,3.053323135
SIEN,1.453111914
SIFI,0.963537925
SIFY,-0.720599067
SIGI,1.730844999
SIGM,-0.403905471
SILC,1.689637028
SIMO,0.603205988
SINA,1.823227322
SINO,0.672803279
SIR,2.009835117
SIRI,1.780970857
SITO,0.50583182
SIVB,1.776125383
SKIS,0.053354747
SKLN,-0.332952639
SKOR,0.306606889
SKYS,0.028242078
SKYW,1.741108451
SKYY,3.452001511
SLAB,1.377382303
SLCT,-0.827515868
SLGN,1.222763439
SLIM,1.127544146
SLM,1.431749976
SLNO,-0.511343101
SLP,2.552282275
SLQD,1.191702274
SLRC,2.744893235
SLVO,-0.841584751
SMBC,1.999019135
SMBK,1.682745086
SMCI,1.765807201
SMCP,0.753251776
SMED,0.264338622
SMIT,0.379572687
SMMF,1.222859584
SMMT,0.554994186
SMRT,1.046816411
SMSI,-0.314070203
SMTC,14.08358705
SMTX,-0.390744889
SNAK,-0.775120159
SNBC,0.371048597
SNC,3.783420132
SNCR,-0.828485543
SNDE,-0.99384895
SNDX,-0.24486388
SNFCA,-0.104889412
SNGX,-0.637011293
SNH,-0.040703103
SNHY,2.642493497
SNI,1.439872843
SNLN,1.628875179
SNMX,-0.864462877
SNOA,0.337943638
SNPS,2.440505867
SNSR,2.198301762
SNSS,-1.116543085
SOCL,1.457944203
SODA,5.557752955
SOFO,-0.707806306
SOHU,-0.703695693
SONA,1.542853016
SONC,-0.135295116
SONS,0.098754814
SORL,1.246562561
SOXX,3.187464079
SP,2.315026501
SPAR,0.410022483
SPCB,-0.125495009
SPEX,0.123531338
SPHS,-0.508817586
SPI,-0.815648389
SPIL,0.371638607
SPKE,0.108992729
SPLK,0.244424281
SPNE,0.108720802
SPNS,0.346305344
SPOK,0.075386275
SPPI,0.449485617
SPRT,0.993095477
SPSC,0.914020723
SPTN,-0.239120903
SPWH,-1.000678143
SPWR,-0.216338819
SQBG,-0.999135665
SQQQ,-2.176442738
SRAX,-0.582295259
SRCE,1.939191498
SRCL,-0.169715086
SRDX,0.07067415
SRET,1.677486915
SREV,-0.64884166
SRNE,-0.975834516
SRPT,-0.351818367
SRRA,0.048176613
SRTS,-0.329976661
SSB,0.946808228
SSBI,0.774610437
SSFN,0.83594779
SSKN,-0.399061
SSNC,1.371758617
SSNT,1.198255149
SSYS,0.04541544
STAA,0.486163687
STAF,-0.349382162
STB,1.636786185
STBA,1.562646429
STBZ,1.292538764
STDY,1.38064404
STFC,0.518655856
STKL,1.034801483
STKS,-0.501715154
STLD,1.448719149
STLY,-0.248317444
STML,0.123741971
STMP,1.240615751
STPP,0.419889928
STRA,2.545210554
STRL,1.899412969
STRM,-0.018012513
STRS,1.066611459
STRT,0.387122028
STX,0.863397679
SUMR,-0.25387557
SUNS,2.704158427
SUNW,-0.665690341
SUPN,1.437687985
SVA,-0.874064112
SVBI,0.123313836
SVRA,0.396218541
SVVC,0.387725847
SWIR,1.907292013
SWKS,1.530842518
SYBT,0.540862754
SYKE,0.152778477
SYMC,1.405227947
SYMX,-0.676950054
SYNA,-0.82041282
SYNC,2.28864023
SYNL,1.375040047
SYNT,-0.694007995
SYPR,0.577309071
SYRS,0.363693025
TA,-0.436440573
TACO,1.122977901
TACT,1.211252565
TAIT,1.003510533
TANH,-1.120041107
TAPR,0.681140862
TAST,-0.420570398
TATT,1.848741567
TAX,0.409371719
TAYD,-0.874080863
TBBK,0.532063049
TBK,2.279276858
TBNK,0.882980025
TBPH,1.716399195
TCBI,1.481220215
TCBK,2.390693557
TCCO,1.184138838
TCFC,1.334525713
TCMD,1.223442739
TCON,-0.659492293
TCPC,2.197338212
TCRD,0.173791989
TCX,3.807667816
TDIV,2.093946194
TEAM,1.115462559
TEAR,-0.555382625
TECD,0.24945022
TEDU,2.008598056
TELL,0.847266457
TENX,-0.673244755
TERP,-0.43454604
TESO,-0.755016433
TESS,0.273287705
TFSL,-0.602901608
TGA,0.0551598
TGEN,-0.487999529
TGLS,-0.288862676
TGTX,0.346324631
THFF,0.732244878
THRM,0.531772729
THST,0.50663334
TICC,3.333424563
TIL,0.688240114
TILE,1.264711785
TIPT,0.389165845
TISA,0.202784705
TITN,1.044649012
TIVO,0.225917901
TLF,0.292456827
TLGT,-0.191900805
TLT,-0.631616447
TMUS,1.649832866
TNAV,0.238190962
TNDM,-0.708247145
TNXP,-0.416837926
TOUR,-0.057844012
TOWN,2.040742726
TPIC,0.160515144
TPIV,-0.627305125
TQQQ,2.985740116
TRCB,2.542520988
TRCH,0.48344548
TREE,3.861159284
TRHC,2.376783641
TRIB,0.00387932
TRIL,-0.386019618
TRIP,-0.978404472
TRMB,2.036280106
TRMK,0.957958629
TRNC,-0.202595768
TRNS,1.470717445
TROV,-0.794895552
TROW,1.952735688
TRPX,0.153404341
TRS,1.788083818
TRST,1.244141301
TRUE,1.951049924
TRUP,2.066907665
TRVN,-0.855510945
TSBK,3.844769948
TSC,1.672218824
TSCO,-0.18295719
TSEM,2.855686341
TSLA,1.96242738
TSRI,-0.407819376
TSRO,0.391874842
TST,-0.127697204
TTD,2.412452938
TTEC,1.968174331
TTEK,1.475586848
TTGT,1.633234657
TTMI,0.756695984
TTNP,-1.119374027
TTOO,-0.50823214
TTPH,1.840560764
TTS,-0.84647083
TTWO,4.24819861
TUES,-0.711830236
TUR,0.551410294
TURN,-0.364211436
TUSA,2.282448145
TVIX,-2.0630936
TVIZ,-2.572085811
TVTY,1.754939523
TWIN,1.286954428
TWMC,-0.727359281
TWNK,1.228899265
TWOU,1.631052123
TXN,2.020312258
TXRH,1.055241347
TYPE,-0.106225467
TZOO,-0.675183202
UAE,0.680361277
UBCP,0.621885707
UBFO,1.796398087
UBIO,0.586353729
UBNK,1.678001312
UBNT,-0.00958538
UBOH,0.619020396
UBSH,1.211809968
UBSI,0.039287323
UCBA,2.027487265
UCBI,1.380308305
UCFC,1.474829483
UCTT,6.151935583
UDBI,2.766218916
UEIC,-0.28118413
UEPS,0.654495286
UFCS,0.716809654
UFPI,0.131704168
UFPT,0.345428843
UG,1.243812511
UGLD,-0.421547742
UHAL,0.430024002
UIHC,0.165795686
ULBI,2.135350009
ULH,-0.202811643
ULTA,-0.231462105
ULTI,-0.205079177
UMBF,0.888420213
UMPQ,1.333144267
UNAM,-0.34654895
UNB,1.30924674
UNFI,-0.108541506
UNIT,-1.073571805
UNTY,2.655238158
UONE,-0.441489045
UONEK,-0.446120022
UPLD,4.316356105
URBN,-0.804859449
USAK,0.579540673
USAP,2.777692951
USAT,0.370874104
USAU,-0.679700404
USCR,1.87912646
USEG,-0.453935888
USLB,2.531755522
USLM,1.595929687
USLV,-0.823099294
UTHR,0.05851841
UTMD,1.322158848
UTSI,0.333293102
UVSP,1.767027231
VALU,0.328451416
VALX,1.354327029
VBFC,1.364871418
VBIV,1.171427944
VBND,-0.110461345
VBTX,2.049878469
VCEL,0.919636452
VCIT,0.344754543
VCLT,0.362626641
VCSH,1.086264218
VCYT,0.442839405
VDSI,-0.811777262
VDTH,1.63191944
VECO,0.041935892
VEON,0.04221505
VGIT,-0.419679027
VGLT,-0.622131155
VGSH,0.245362404
VIA,-0.46555241
VIAB,-0.814319626
VIAV,1.065553448
VICL,-0.428690231
VICR,2.740661474
VIDI,3.622748251
VIGI,1.439061656
VIIX,-2.627402527
VIIZ,-2.990085129
VIRC,0.931564243
VIRT,0.672512025
VIVE,0.253453118
VIVO,-0.578295511
VKTX,0.251863665
VLGEA,-0.809089932
VLRX,-0.854777257
VMBS,0.103653071
VNDA,0.095298699
VNET,-1.248156357
VNOM,0.911666285
VNQI,1.103625471
VOD,-0.606589667
VONE,3.277448429
VONG,3.687002523
VONV,1.972436052
VOXX,2.827718267
VRA,-1.125915915
VRAY,0.510328038
VRIG,5.125295791
VRML,0.441859316
VRNS,1.595590116
VRNT,0.547376359
VRSK,0.27218262
VRSN,2.289185049
VRTS,0.625892713
VRTU,1.531827569
VRTX,1.676645588
VSAR,-0.763182653
VSAT,-0.427449761
VSEC,2.388341606
VSTM,2.862820474
VTGN,-1.119538264
VTHR,3.089154944
VTIP,0.376386986
VTL,-0.052365715
VTNR,-0.458677174
VTVT,-0.109414165
VTWG,1.674024219
VTWO,1.467247811
VTWV,1.236374967
VUSE,1.465793515
VUZI,-0.763717208
VVUS,-0.235409761
VWOB,0.834280443
VWR,0.721139525
VXUS,2.908840003
VYGR,0.89085141
VYMI,3.751573445
WABC,0.774561131
WAFD,1.401243134
WASH,1.804501147
WATT,-0.429161048
WAYN,1.09258006
WB,3.644235606
WBA,0.033186364
WBB,0.148119166
WBKC,2.04657619
WCFB,0.791013283
WDAY,0.536777988
WDC,1.695853719
WDFC,0.162687056
WEB,-0.078201555
WEBK,0.838381284
WEN,2.24236295
WERN,1.962988901
WETF,0.1617906
WEYS,0.440438725
WFBI,2.583266251
WHF,0.247470483
WHLM,-0.515274892
WHLR,-0.114950642
WIFI,2.844335914
WILC,0.861615576
WIN,-1.266239997
WINA,1.479718062
WING,2.717526346
WINS,2.143026801
WIRE,0.986773286
WIX,5.922326856
WKHS,-0.698294971
WLB,-0.979348976
WLDN,1.286666649
WLFC,0.115558365
WLTW,0.900840848
WMGI,2.643720265
WMIH,-0.840540053
WNEB,1.848709641
WOOD,8.906424943
WPCS,0.870832815
WPPGY,-0.135887451
WPRT,-0.933278757
WRLD,1.031227816
WSBC,1.101659888
WSBF,0.911854031
WSCI,-0.254681373
WSFS,1.493754486
WSTC,0.398480764
WSTG,-0.883889382
WSTL,0.544472291
WTBA,1.186648032
WTFC,1.493719091
WVE,1.692644191
WVFC,1.087917061
WVVI,-0.133199977
WWD,1.434773378
WYIG,-0.050163997
WYNN,1.61128268
XBIO,-0.173247899
XBIT,-0.628157694
XBKS,1.38295139
XCRA,2.535962523
XELB,-0.318773406
XENE,-0.850238482
XENT,1.478114454
XGTI,-0.410710496
XIV,4.34337872
XLNX,1.700212951
XLRN,0.151985224
XNCR,0.109666704
XNET,-0.810196404
XOMA,1.05891605
XONE,-0.61914378
XPER,-0.953662751
XPLR,1.175144538
XRAY,-0.037860821
XT,3.891631023
XTLB,-0.503706523
YDIV,1.685646698
YECO,-0.711561417
YGYI,-0.375411935
YLCO,1.388442809
YNDX,1.21018947
YORW,0.809740156
YRCW,0.047353352
YTEN,-0.262306523
YY,-0.543951512
Z,0.601452325
ZAGG,2.306566646
ZAIS,0.447243251
ZBIO,-0.797929735
ZBRA,2.189122664
ZEUS,-0.109230048
ZFGN,-0.110567494
ZG,0.605893838
ZGNX,1.455462036
ZION,2.178063106
ZIOP,0.301645408
ZIV,4.160059014
ZIXI,0.770437247
ZN,1.762105144
ZNGA,0.83920345
ZSAN,0.030034278
ZUMZ,0.067636339
ZYNE,-0.251684755